[
  {
    "type": "text",
    "source": "C:\\Users\\mika0\\OneDrive\\Рабочий стол\\WebsiteLocalizer\\localized_projects\\NotHelloFresh-localized-azerbaijan\\project\\src\\components\\CallToAction.tsx",
    "original": "Ready to Transform Your Mealtime?",
    "translated": "Yemək vaxtınızı tamamilə dəyişməyə hazırsınız?"
  },
  {
    "type": "text",
    "source": "C:\\Users\\mika0\\OneDrive\\Рабочий стол\\WebsiteLocalizer\\localized_projects\\NotHelloFresh-localized-azerbaijan\\project\\src\\components\\CallToAction.tsx",
    "original": "Join millions of happy customers cooking delicious meals with (Not)HelloFresh. Get started today with 16 free meals across your first 6 boxes!",
    "translated": "Milyonlarla məmnun müştəri kimi, (Not)HelloFresh-lə dadlı yeməklər bişirməyə başla. İlk 6 qutunda 16 pulsuz yemək əldə et və bu fürsəti qaçırma!"
  },
  {
    "type": "text",
    "source": "C:\\Users\\mika0\\OneDrive\\Рабочий стол\\WebsiteLocalizer\\localized_projects\\NotHelloFresh-localized-azerbaijan\\project\\src\\components\\CallToAction.tsx",
    "original": "Get Started Today",
    "translated": "Bu gün başla"
  },
  {
    "type": "text",
    "source": "C:\\Users\\mika0\\OneDrive\\Рабочий стол\\WebsiteLocalizer\\localized_projects\\NotHelloFresh-localized-azerbaijan\\project\\src\\components\\CallToAction.tsx",
    "original": "No commitment required. Skip or cancel anytime.",
    "translated": "Heç bir öhdəlik tələb olunmur. İstədiyiniz vaxt dayandıra və ya ləğv edə bilərsiniz."
  },
  {
    "type": "text",
    "source": "C:\\Users\\mika0\\OneDrive\\Рабочий стол\\WebsiteLocalizer\\localized_projects\\NotHelloFresh-localized-azerbaijan\\project\\src\\components\\DeliveryInfo.tsx",
    "original": "Delivery You Can Trust",
    "translated": "Etibar edə biləcəyiniz çatdırılma"
  },
  {
    "type": "text",
    "source": "C:\\Users\\mika0\\OneDrive\\Рабочий стол\\WebsiteLocalizer\\localized_projects\\NotHelloFresh-localized-azerbaijan\\project\\src\\components\\DeliveryInfo.tsx",
    "original": "We ensure your meals arrive fresh and on time with our reliable delivery network.",
    "translated": "Yeməklərinizin təzə və vaxtında çatdırılmasına etibarlı çatdırılma şəbəkəmizlə zəmanət veririk."
  },
  {
    "type": "text",
    "source": "C:\\Users\\mika0\\OneDrive\\Рабочий стол\\WebsiteLocalizer\\localized_projects\\NotHelloFresh-localized-azerbaijan\\project\\src\\components\\DeliveryInfo.tsx",
    "original": "Delivery Partners",
    "translated": "Çatdırılma Partnyorları"
  },
  {
    "type": "text",
    "source": "C:\\Users\\mika0\\OneDrive\\Рабочий стол\\WebsiteLocalizer\\localized_projects\\NotHelloFresh-localized-azerbaijan\\project\\src\\components\\DeliveryInfo.tsx",
    "original": "UberEats",
    "translated": "Bolt Food"
  },
  {
    "type": "text",
    "source": "C:\\Users\\mika0\\OneDrive\\Рабочий стол\\WebsiteLocalizer\\localized_projects\\NotHelloFresh-localized-azerbaijan\\project\\src\\components\\DeliveryInfo.tsx",
    "original": "Fast delivery within 45 minutes",
    "translated": "45 dəqiqə ərzində sürətli çatdırılma"
  },
  {
    "type": "text",
    "source": "C:\\Users\\mika0\\OneDrive\\Рабочий стол\\WebsiteLocalizer\\localized_projects\\NotHelloFresh-localized-azerbaijan\\project\\src\\components\\DeliveryInfo.tsx",
    "original": "Lieferando",
    "translated": "Çatdır.az"
  },
  {
    "type": "text",
    "source": "C:\\Users\\mika0\\OneDrive\\Рабочий стол\\WebsiteLocalizer\\localized_projects\\NotHelloFresh-localized-azerbaijan\\project\\src\\components\\DeliveryInfo.tsx",
    "original": "Reliable German delivery service",
    "translated": "Etibarlı Alman kuryer xidməti"
  },
  {
    "type": "text",
    "source": "C:\\Users\\mika0\\OneDrive\\Рабочий стол\\WebsiteLocalizer\\localized_projects\\NotHelloFresh-localized-azerbaijan\\project\\src\\components\\DeliveryInfo.tsx",
    "original": "Wolt",
    "translated": "Wolt"
  },
  {
    "type": "text",
    "source": "C:\\Users\\mika0\\OneDrive\\Рабочий стол\\WebsiteLocalizer\\localized_projects\\NotHelloFresh-localized-azerbaijan\\project\\src\\components\\DeliveryInfo.tsx",
    "original": "Premium delivery experience",
    "translated": "Premium çatdırılma xidməti"
  },
  {
    "type": "text",
    "source": "C:\\Users\\mika0\\OneDrive\\Рабочий стол\\WebsiteLocalizer\\localized_projects\\NotHelloFresh-localized-azerbaijan\\project\\src\\components\\DeliveryInfo.tsx",
    "original": "Delivery Areas",
    "translated": "Çatdırılma Əraziləri"
  },
  {
    "type": "text",
    "source": "C:\\Users\\mika0\\OneDrive\\Рабочий стол\\WebsiteLocalizer\\localized_projects\\NotHelloFresh-localized-azerbaijan\\project\\src\\components\\DeliveryInfo.tsx",
    "original": "East Coast",
    "translated": "Şərq Sahili"
  },
  {
    "type": "text",
    "source": "C:\\Users\\mika0\\OneDrive\\Рабочий стол\\WebsiteLocalizer\\localized_projects\\NotHelloFresh-localized-azerbaijan\\project\\src\\components\\DeliveryInfo.tsx",
    "original": "New York City",
    "translated": "Bakı şəhəri"
  },
  {
    "type": "text",
    "source": "C:\\Users\\mika0\\OneDrive\\Рабочий стол\\WebsiteLocalizer\\localized_projects\\NotHelloFresh-localized-azerbaijan\\project\\src\\components\\DeliveryInfo.tsx",
    "original": "Boston",
    "translated": "Bakı"
  },
  {
    "type": "text",
    "source": "C:\\Users\\mika0\\OneDrive\\Рабочий стол\\WebsiteLocalizer\\localized_projects\\NotHelloFresh-localized-azerbaijan\\project\\src\\components\\DeliveryInfo.tsx",
    "original": "Philadelphia",
    "translated": "Bakı"
  },
  {
    "type": "text",
    "source": "C:\\Users\\mika0\\OneDrive\\Рабочий стол\\WebsiteLocalizer\\localized_projects\\NotHelloFresh-localized-azerbaijan\\project\\src\\components\\DeliveryInfo.tsx",
    "original": "Washington DC",
    "translated": "Bakı"
  },
  {
    "type": "text",
    "source": "C:\\Users\\mika0\\OneDrive\\Рабочий стол\\WebsiteLocalizer\\localized_projects\\NotHelloFresh-localized-azerbaijan\\project\\src\\components\\DeliveryInfo.tsx",
    "original": "West Coast",
    "translated": "Qərb Sahili"
  },
  {
    "type": "text",
    "source": "C:\\Users\\mika0\\OneDrive\\Рабочий стол\\WebsiteLocalizer\\localized_projects\\NotHelloFresh-localized-azerbaijan\\project\\src\\components\\DeliveryInfo.tsx",
    "original": "Los Angeles",
    "translated": "Bakı"
  },
  {
    "type": "text",
    "source": "C:\\Users\\mika0\\OneDrive\\Рабочий стол\\WebsiteLocalizer\\localized_projects\\NotHelloFresh-localized-azerbaijan\\project\\src\\components\\DeliveryInfo.tsx",
    "original": "San Francisco",
    "translated": "Bakı"
  },
  {
    "type": "text",
    "source": "C:\\Users\\mika0\\OneDrive\\Рабочий стол\\WebsiteLocalizer\\localized_projects\\NotHelloFresh-localized-azerbaijan\\project\\src\\components\\DeliveryInfo.tsx",
    "original": "Seattle",
    "translated": "Bakı"
  },
  {
    "type": "text",
    "source": "C:\\Users\\mika0\\OneDrive\\Рабочий стол\\WebsiteLocalizer\\localized_projects\\NotHelloFresh-localized-azerbaijan\\project\\src\\components\\DeliveryInfo.tsx",
    "original": "Portland",
    "translated": "Bakı"
  },
  {
    "type": "text",
    "source": "C:\\Users\\mika0\\OneDrive\\Рабочий стол\\WebsiteLocalizer\\localized_projects\\NotHelloFresh-localized-azerbaijan\\project\\src\\components\\DeliveryInfo.tsx",
    "original": "Central",
    "translated": "Mərkəzi"
  },
  {
    "type": "text",
    "source": "C:\\Users\\mika0\\OneDrive\\Рабочий стол\\WebsiteLocalizer\\localized_projects\\NotHelloFresh-localized-azerbaijan\\project\\src\\components\\DeliveryInfo.tsx",
    "original": "Chicago",
    "translated": "Bakı"
  },
  {
    "type": "text",
    "source": "C:\\Users\\mika0\\OneDrive\\Рабочий стол\\WebsiteLocalizer\\localized_projects\\NotHelloFresh-localized-azerbaijan\\project\\src\\components\\DeliveryInfo.tsx",
    "original": "Houston",
    "translated": "Bakı"
  },
  {
    "type": "text",
    "source": "C:\\Users\\mika0\\OneDrive\\Рабочий стол\\WebsiteLocalizer\\localized_projects\\NotHelloFresh-localized-azerbaijan\\project\\src\\components\\DeliveryInfo.tsx",
    "original": "Denver",
    "translated": "Bakı"
  },
  {
    "type": "text",
    "source": "C:\\Users\\mika0\\OneDrive\\Рабочий стол\\WebsiteLocalizer\\localized_projects\\NotHelloFresh-localized-azerbaijan\\project\\src\\components\\DeliveryInfo.tsx",
    "original": "Dallas",
    "translated": "Bakı"
  },
  {
    "type": "text",
    "source": "C:\\Users\\mika0\\OneDrive\\Рабочий стол\\WebsiteLocalizer\\localized_projects\\NotHelloFresh-localized-azerbaijan\\project\\src\\components\\Features.tsx",
    "original": "Why Choose (Not)HelloFresh?",
    "translated": "Niyə (Yox)HelloFresh-i Seçməlisiniz?"
  },
  {
    "type": "text",
    "source": "C:\\Users\\mika0\\OneDrive\\Рабочий стол\\WebsiteLocalizer\\localized_projects\\NotHelloFresh-localized-azerbaijan\\project\\src\\components\\Features.tsx",
    "original": "We make cooking at home easy, fun, and affordable with farm-fresh ingredients and chef-created recipes.",
    "translated": "Evdə yemək bişirməyi asan, maraqlı və əlçatan edirik – kənd təsərrüfatından yeni çıxmış məhsullar və peşəkar aşpazların tərtib etdiyi reseptlərlə."
  },
  {
    "type": "text",
    "source": "C:\\Users\\mika0\\OneDrive\\Рабочий стол\\WebsiteLocalizer\\localized_projects\\NotHelloFresh-localized-azerbaijan\\project\\src\\components\\Features.tsx",
    "original": "(",
    "translated": "Please provide the text you want translated."
  },
  {
    "type": "text",
    "source": "C:\\Users\\mika0\\OneDrive\\Рабочий стол\\WebsiteLocalizer\\localized_projects\\NotHelloFresh-localized-azerbaijan\\project\\src\\components\\Footer.tsx",
    "original": "Making home cooking simple, fun, and accessible for everyone with delicious recipes and fresh ingredients delivered to your door.",
    "translated": "Dadlı reseptlər və təzə ərzaqlarla evdə yemək bişirməyi hər kəs üçün sadə, maraqlı və əlçatan edirik – ehtiyacınız olan hər şey birbaşa qapınıza çatdırılır."
  },
  {
    "type": "text",
    "source": "C:\\Users\\mika0\\OneDrive\\Рабочий стол\\WebsiteLocalizer\\localized_projects\\NotHelloFresh-localized-azerbaijan\\project\\src\\components\\Footer.tsx",
    "original": "Our Plans",
    "translated": "Planlarımız"
  },
  {
    "type": "text",
    "source": "C:\\Users\\mika0\\OneDrive\\Рабочий стол\\WebsiteLocalizer\\localized_projects\\NotHelloFresh-localized-azerbaijan\\project\\src\\components\\Footer.tsx",
    "original": "2 Person Plan",
    "translated": "2 nəfərlik paket"
  },
  {
    "type": "text",
    "source": "C:\\Users\\mika0\\OneDrive\\Рабочий стол\\WebsiteLocalizer\\localized_projects\\NotHelloFresh-localized-azerbaijan\\project\\src\\components\\Footer.tsx",
    "original": "Family Plan",
    "translated": "Ailə Paketi"
  },
  {
    "type": "text",
    "source": "C:\\Users\\mika0\\OneDrive\\Рабочий стол\\WebsiteLocalizer\\localized_projects\\NotHelloFresh-localized-azerbaijan\\project\\src\\components\\Footer.tsx",
    "original": "Vegetarian Plan",
    "translated": "Vegetarian Qidalanma Planı"
  },
  {
    "type": "text",
    "source": "C:\\Users\\mika0\\OneDrive\\Рабочий стол\\WebsiteLocalizer\\localized_projects\\NotHelloFresh-localized-azerbaijan\\project\\src\\components\\Footer.tsx",
    "original": "Quick & Easy",
    "translated": "Tez və Asan"
  },
  {
    "type": "text",
    "source": "C:\\Users\\mika0\\OneDrive\\Рабочий стол\\WebsiteLocalizer\\localized_projects\\NotHelloFresh-localized-azerbaijan\\project\\src\\components\\Footer.tsx",
    "original": "Calorie Smart",
    "translated": "Az Kalorili"
  },
  {
    "type": "text",
    "source": "C:\\Users\\mika0\\OneDrive\\Рабочий стол\\WebsiteLocalizer\\localized_projects\\NotHelloFresh-localized-azerbaijan\\project\\src\\components\\Footer.tsx",
    "original": "Company",
    "translated": "Şirkət"
  },
  {
    "type": "text",
    "source": "C:\\Users\\mika0\\OneDrive\\Рабочий стол\\WebsiteLocalizer\\localized_projects\\NotHelloFresh-localized-azerbaijan\\project\\src\\components\\Footer.tsx",
    "original": "About Us",
    "translated": "Haqqımızda"
  },
  {
    "type": "text",
    "source": "C:\\Users\\mika0\\OneDrive\\Рабочий стол\\WebsiteLocalizer\\localized_projects\\NotHelloFresh-localized-azerbaijan\\project\\src\\components\\Footer.tsx",
    "original": "Careers",
    "translated": "Karyera İmkanları"
  },
  {
    "type": "text",
    "source": "C:\\Users\\mika0\\OneDrive\\Рабочий стол\\WebsiteLocalizer\\localized_projects\\NotHelloFresh-localized-azerbaijan\\project\\src\\components\\Footer.tsx",
    "original": "Blog",
    "translated": "Bloq"
  },
  {
    "type": "text",
    "source": "C:\\Users\\mika0\\OneDrive\\Рабочий стол\\WebsiteLocalizer\\localized_projects\\NotHelloFresh-localized-azerbaijan\\project\\src\\components\\Footer.tsx",
    "original": "Press",
    "translated": "Mətbuat"
  },
  {
    "type": "text",
    "source": "C:\\Users\\mika0\\OneDrive\\Рабочий стол\\WebsiteLocalizer\\localized_projects\\NotHelloFresh-localized-azerbaijan\\project\\src\\components\\Footer.tsx",
    "original": "Partner With Us",
    "translated": "Bizimlə Əməkdaşlıq Edin"
  },
  {
    "type": "text",
    "source": "C:\\Users\\mika0\\OneDrive\\Рабочий стол\\WebsiteLocalizer\\localized_projects\\NotHelloFresh-localized-azerbaijan\\project\\src\\components\\Footer.tsx",
    "original": "Contact Us",
    "translated": "Bizimlə Əlaqə"
  },
  {
    "type": "text",
    "source": "C:\\Users\\mika0\\OneDrive\\Рабочий стол\\WebsiteLocalizer\\localized_projects\\NotHelloFresh-localized-azerbaijan\\project\\src\\components\\Footer.tsx",
    "original": "123 Cooking Street, Foodville, CA 90210",
    "translated": "123 Bişirmə Küçəsi, Dadşəhər, Bakı, AZ 1000"
  },
  {
    "type": "text",
    "source": "C:\\Users\\mika0\\OneDrive\\Рабочий стол\\WebsiteLocalizer\\localized_projects\\NotHelloFresh-localized-azerbaijan\\project\\src\\components\\Footer.tsx",
    "original": "(800) 123-4567",
    "translated": "(012) 123-45-67"
  },
  {
    "type": "text",
    "source": "C:\\Users\\mika0\\OneDrive\\Рабочий стол\\WebsiteLocalizer\\localized_projects\\NotHelloFresh-localized-azerbaijan\\project\\src\\components\\Footer.tsx",
    "original": "support@hellofresh.com",
    "translated": "dəstək@hellofresh.az"
  },
  {
    "type": "text",
    "source": "C:\\Users\\mika0\\OneDrive\\Рабочий стол\\WebsiteLocalizer\\localized_projects\\NotHelloFresh-localized-azerbaijan\\project\\src\\components\\Footer.tsx",
    "original": "Terms & Conditions",
    "translated": "Şərtlər və Qaydalar"
  },
  {
    "type": "text",
    "source": "C:\\Users\\mika0\\OneDrive\\Рабочий стол\\WebsiteLocalizer\\localized_projects\\NotHelloFresh-localized-azerbaijan\\project\\src\\components\\Footer.tsx",
    "original": "Privacy Policy",
    "translated": "Məxfilik Siyasəti"
  },
  {
    "type": "text",
    "source": "C:\\Users\\mika0\\OneDrive\\Рабочий стол\\WebsiteLocalizer\\localized_projects\\NotHelloFresh-localized-azerbaijan\\project\\src\\components\\Footer.tsx",
    "original": "Accessibility",
    "translated": "Əlçatanlıq"
  },
  {
    "type": "text",
    "source": "C:\\Users\\mika0\\OneDrive\\Рабочий стол\\WebsiteLocalizer\\localized_projects\\NotHelloFresh-localized-azerbaijan\\project\\src\\components\\Footer.tsx",
    "original": "Cookie Settings",
    "translated": "Kuki Ayarları"
  },
  {
    "type": "text",
    "source": "C:\\Users\\mika0\\OneDrive\\Рабочий стол\\WebsiteLocalizer\\localized_projects\\NotHelloFresh-localized-azerbaijan\\project\\src\\components\\Header.tsx",
    "original": "View Plans",
    "translated": "Paketləri Gör"
  },
  {
    "type": "text",
    "source": "C:\\Users\\mika0\\OneDrive\\Рабочий стол\\WebsiteLocalizer\\localized_projects\\NotHelloFresh-localized-azerbaijan\\project\\src\\components\\Header.tsx",
    "original": ":",
    "translated": "Zəhmət olmasa, tərcümə etmək üçün mətni göndərin."
  },
  {
    "type": "text",
    "source": "C:\\Users\\mika0\\OneDrive\\Рабочий стол\\WebsiteLocalizer\\localized_projects\\NotHelloFresh-localized-azerbaijan\\project\\src\\components\\Header.tsx",
    "original": "View Plans",
    "translated": "Planlara bax"
  },
  {
    "type": "text",
    "source": "C:\\Users\\mika0\\OneDrive\\Рабочий стол\\WebsiteLocalizer\\localized_projects\\NotHelloFresh-localized-azerbaijan\\project\\src\\components\\Header.tsx",
    "original": "Our Plans",
    "translated": "Planlarımız"
  },
  {
    "type": "text",
    "source": "C:\\Users\\mika0\\OneDrive\\Рабочий стол\\WebsiteLocalizer\\localized_projects\\NotHelloFresh-localized-azerbaijan\\project\\src\\components\\Header.tsx",
    "original": "How It Works",
    "translated": "Necə İşləyir"
  },
  {
    "type": "text",
    "source": "C:\\Users\\mika0\\OneDrive\\Рабочий стол\\WebsiteLocalizer\\localized_projects\\NotHelloFresh-localized-azerbaijan\\project\\src\\components\\Header.tsx",
    "original": "Recipes",
    "translated": "Reseptlər"
  },
  {
    "type": "text",
    "source": "C:\\Users\\mika0\\OneDrive\\Рабочий стол\\WebsiteLocalizer\\localized_projects\\NotHelloFresh-localized-azerbaijan\\project\\src\\components\\Header.tsx",
    "original": "About Us",
    "translated": "Haqqımızda"
  },
  {
    "type": "text",
    "source": "C:\\Users\\mika0\\OneDrive\\Рабочий стол\\WebsiteLocalizer\\localized_projects\\NotHelloFresh-localized-azerbaijan\\project\\src\\components\\Header.tsx",
    "original": "Our Plans",
    "translated": "Planlarımız"
  },
  {
    "type": "text",
    "source": "C:\\Users\\mika0\\OneDrive\\Рабочий стол\\WebsiteLocalizer\\localized_projects\\NotHelloFresh-localized-azerbaijan\\project\\src\\components\\Header.tsx",
    "original": "How It Works",
    "translated": "Necə işləyir"
  },
  {
    "type": "text",
    "source": "C:\\Users\\mika0\\OneDrive\\Рабочий стол\\WebsiteLocalizer\\localized_projects\\NotHelloFresh-localized-azerbaijan\\project\\src\\components\\Header.tsx",
    "original": "Recipes",
    "translated": "Reseptlər"
  },
  {
    "type": "text",
    "source": "C:\\Users\\mika0\\OneDrive\\Рабочий стол\\WebsiteLocalizer\\localized_projects\\NotHelloFresh-localized-azerbaijan\\project\\src\\components\\Header.tsx",
    "original": "About Us",
    "translated": "Haqqımızda"
  },
  {
    "type": "text",
    "source": "C:\\Users\\mika0\\OneDrive\\Рабочий стол\\WebsiteLocalizer\\localized_projects\\NotHelloFresh-localized-azerbaijan\\project\\src\\components\\Hero.tsx",
    "original": "Limited Offer: 16 Free Meals + Free Shipping",
    "translated": "Məhdud Təklif: 16 Pulsuz Yemək və Ödənişsiz Çatdırılma"
  },
  {
    "type": "text",
    "source": "C:\\Users\\mika0\\OneDrive\\Рабочий стол\\WebsiteLocalizer\\localized_projects\\NotHelloFresh-localized-azerbaijan\\project\\src\\components\\Hero.tsx",
    "original": "Delicious Meals,",
    "translated": "Ləzzətli Yeməklər,"
  },
  {
    "type": "text",
    "source": "C:\\Users\\mika0\\OneDrive\\Рабочий стол\\WebsiteLocalizer\\localized_projects\\NotHelloFresh-localized-azerbaijan\\project\\src\\components\\Hero.tsx",
    "original": "Delivered to You",
    "translated": "Sizə çatdırılır"
  },
  {
    "type": "text",
    "source": "C:\\Users\\mika0\\OneDrive\\Рабочий стол\\WebsiteLocalizer\\localized_projects\\NotHelloFresh-localized-azerbaijan\\project\\src\\components\\Hero.tsx",
    "original": "Skip the grocery store. Get fresh, pre-measured ingredients and recipe cards delivered straight to your door.",
    "translated": "Marketə getməyə ehtiyac yoxdur. Təzə, ölçülüb hazırlanmış ərzaqlar və resept kartları birbaşa qapınıza çatdırılır."
  },
  {
    "type": "text",
    "source": "C:\\Users\\mika0\\OneDrive\\Рабочий стол\\WebsiteLocalizer\\localized_projects\\NotHelloFresh-localized-azerbaijan\\project\\src\\components\\Hero.tsx",
    "original": "Get Started",
    "translated": "Başla"
  },
  {
    "type": "text",
    "source": "C:\\Users\\mika0\\OneDrive\\Рабочий стол\\WebsiteLocalizer\\localized_projects\\NotHelloFresh-localized-azerbaijan\\project\\src\\components\\Hero.tsx",
    "original": "View Our Plans",
    "translated": "Paketlərimizə baxın"
  },
  {
    "type": "text",
    "source": "C:\\Users\\mika0\\OneDrive\\Рабочий стол\\WebsiteLocalizer\\localized_projects\\NotHelloFresh-localized-azerbaijan\\project\\src\\components\\Hero.tsx",
    "original": "Ready in 30 minutes",
    "translated": "30 dəqiqəyə hazırdır"
  },
  {
    "type": "text",
    "source": "C:\\Users\\mika0\\OneDrive\\Рабочий стол\\WebsiteLocalizer\\localized_projects\\NotHelloFresh-localized-azerbaijan\\project\\src\\components\\Hero.tsx",
    "original": "4.8 out of 5",
    "translated": "4.8 baldan 5 bal"
  },
  {
    "type": "text",
    "source": "C:\\Users\\mika0\\OneDrive\\Рабочий стол\\WebsiteLocalizer\\localized_projects\\NotHelloFresh-localized-azerbaijan\\project\\src\\components\\Hero.tsx",
    "original": "Customer rating",
    "translated": "Müştəri reytinqi"
  },
  {
    "type": "text",
    "source": "C:\\Users\\mika0\\OneDrive\\Рабочий стол\\WebsiteLocalizer\\localized_projects\\NotHelloFresh-localized-azerbaijan\\project\\src\\components\\HowItWorks.tsx",
    "original": "How (Not)HelloFresh Works",
    "translated": "HelloFresh Necə İŞLƏMİR"
  },
  {
    "type": "text",
    "source": "C:\\Users\\mika0\\OneDrive\\Рабочий стол\\WebsiteLocalizer\\localized_projects\\NotHelloFresh-localized-azerbaijan\\project\\src\\components\\HowItWorks.tsx",
    "original": "Watch our quick video to see how easy it is to get started with (Not)HelloFresh.",
    "translated": "Qısa videomuzda (Not)HelloFresh-lə başlamağın nə qədər asan olduğunu izləyin."
  },
  {
    "type": "text",
    "source": "C:\\Users\\mika0\\OneDrive\\Рабочий стол\\WebsiteLocalizer\\localized_projects\\NotHelloFresh-localized-azerbaijan\\project\\src\\components\\HowItWorks.tsx",
    "original": "Your browser does not support the video tag.",
    "translated": "Sizin brauzeriniz video etiketini dəstəkləmir."
  },
  {
    "type": "text",
    "source": "C:\\Users\\mika0\\OneDrive\\Рабочий стол\\WebsiteLocalizer\\localized_projects\\NotHelloFresh-localized-azerbaijan\\project\\src\\components\\HowItWorks.tsx",
    "original": "Learn how we deliver fresh ingredients and amazing recipes right to your doorstep",
    "translated": "Təzə ərzaqları və möhtəşəm reseptləri necə birbaşa evinizə çatdırdığımızı öyrənin"
  },
  {
    "type": "text",
    "source": "C:\\Users\\mika0\\OneDrive\\Рабочий стол\\WebsiteLocalizer\\localized_projects\\NotHelloFresh-localized-azerbaijan\\project\\src\\components\\Logo.tsx",
    "original": "(Not)HelloFresh",
    "translated": "(Yox)SalamTəzə"
  },
  {
    "type": "text",
    "source": "C:\\Users\\mika0\\OneDrive\\Рабочий стол\\WebsiteLocalizer\\localized_projects\\NotHelloFresh-localized-azerbaijan\\project\\src\\components\\MealShowcase.tsx",
    "original": "Chef-curated recipes",
    "translated": "Aşpaz tərəfindən seçilmiş reseptlər"
  },
  {
    "type": "text",
    "source": "C:\\Users\\mika0\\OneDrive\\Рабочий стол\\WebsiteLocalizer\\localized_projects\\NotHelloFresh-localized-azerbaijan\\project\\src\\components\\MealShowcase.tsx",
    "original": "Explore Our Delicious Meals",
    "translated": "Ləzzətli Yeməklərimizi Kəşf Edin"
  },
  {
    "type": "text",
    "source": "C:\\Users\\mika0\\OneDrive\\Рабочий стол\\WebsiteLocalizer\\localized_projects\\NotHelloFresh-localized-azerbaijan\\project\\src\\components\\MealShowcase.tsx",
    "original": "From quick weeknight dinners to impressive weekend feasts, we've got recipes for every occasion.",
    "translated": "Həm tez hazırlanacaq axşam yeməkləri, həm də qonaqlar üçün möhtəşəm bazar günü süfrələri– hər zövqə uyğun reseptlərimiz var."
  },
  {
    "type": "text",
    "source": "C:\\Users\\mika0\\OneDrive\\Рабочий стол\\WebsiteLocalizer\\localized_projects\\NotHelloFresh-localized-azerbaijan\\project\\src\\components\\MealShowcase.tsx",
    "original": "(",
    "translated": "Mətni paylaşmadınız. Zəhmət olmasa, tərcümə olunmasını istədiyiniz mətni göndərin."
  },
  {
    "type": "text",
    "source": "C:\\Users\\mika0\\OneDrive\\Рабочий стол\\WebsiteLocalizer\\localized_projects\\NotHelloFresh-localized-azerbaijan\\project\\src\\components\\MealShowcase.tsx",
    "original": "(",
    "translated": "Zəhmət olmasa tam mətni təqdim edin ki, tərcüməni edə bilim."
  },
  {
    "type": "text",
    "source": "C:\\Users\\mika0\\OneDrive\\Рабочий стол\\WebsiteLocalizer\\localized_projects\\NotHelloFresh-localized-azerbaijan\\project\\src\\components\\MealShowcase.tsx",
    "original": "View All Recipes",
    "translated": "Bütün Reseptlərə Bax"
  },
  {
    "type": "text",
    "source": "C:\\Users\\mika0\\OneDrive\\Рабочий стол\\WebsiteLocalizer\\localized_projects\\NotHelloFresh-localized-azerbaijan\\project\\src\\components\\Newsletter.tsx",
    "original": "Get Exclusive Offers & Recipes",
    "translated": "Eksklüziv Təkliflər və Reseptlər əldə edin"
  },
  {
    "type": "text",
    "source": "C:\\Users\\mika0\\OneDrive\\Рабочий стол\\WebsiteLocalizer\\localized_projects\\NotHelloFresh-localized-azerbaijan\\project\\src\\components\\Newsletter.tsx",
    "original": "Subscribe to our newsletter for new recipes, cooking tips, and special promotions.",
    "translated": "Yeni reseptlər, yemək bişirmə məsləhətləri və xüsusi təkliflər üçün bülletenimizə abunə olun."
  },
  {
    "type": "text",
    "source": "C:\\Users\\mika0\\OneDrive\\Рабочий стол\\WebsiteLocalizer\\localized_projects\\NotHelloFresh-localized-azerbaijan\\project\\src\\components\\Newsletter.tsx",
    "original": "Thanks for subscribing!",
    "translated": "Abunə olduğunuz üçün təşəkkür edirik!"
  },
  {
    "type": "text",
    "source": "C:\\Users\\mika0\\OneDrive\\Рабочий стол\\WebsiteLocalizer\\localized_projects\\NotHelloFresh-localized-azerbaijan\\project\\src\\components\\Newsletter.tsx",
    "original": ") : (",
    "translated": ") : ("
  },
  {
    "type": "text",
    "source": "C:\\Users\\mika0\\OneDrive\\Рабочий стол\\WebsiteLocalizer\\localized_projects\\NotHelloFresh-localized-azerbaijan\\project\\src\\components\\Newsletter.tsx",
    "original": "Subscribe",
    "translated": "Abunə ol"
  },
  {
    "type": "text",
    "source": "C:\\Users\\mika0\\OneDrive\\Рабочий стол\\WebsiteLocalizer\\localized_projects\\NotHelloFresh-localized-azerbaijan\\project\\src\\components\\Newsletter.tsx",
    "original": "We respect your privacy. Your information will never be shared with third parties.",
    "translated": "Sizin məxfiliyinizə hörmət edirik. Məlumatlarınız heç bir halda üçüncü şəxslərlə paylaşılmayacaq."
  },
  {
    "type": "text",
    "source": "C:\\Users\\mika0\\OneDrive\\Рабочий стол\\WebsiteLocalizer\\localized_projects\\NotHelloFresh-localized-azerbaijan\\project\\src\\components\\PricingPlans.tsx",
    "original": "MOST POPULAR",
    "translated": "ƏN ÇOX SEÇİLƏN"
  },
  {
    "type": "text",
    "source": "C:\\Users\\mika0\\OneDrive\\Рабочий стол\\WebsiteLocalizer\\localized_projects\\NotHelloFresh-localized-azerbaijan\\project\\src\\components\\PricingPlans.tsx",
    "original": "(",
    "translated": "Zəhmət olmasa, tərcümə edilməli olan mətni təqdim edin."
  },
  {
    "type": "text",
    "source": "C:\\Users\\mika0\\OneDrive\\Рабочий стол\\WebsiteLocalizer\\localized_projects\\NotHelloFresh-localized-azerbaijan\\project\\src\\components\\PricingPlans.tsx",
    "original": "Select This Plan",
    "translated": "Bu Paketi Seçin"
  },
  {
    "type": "text",
    "source": "C:\\Users\\mika0\\OneDrive\\Рабочий стол\\WebsiteLocalizer\\localized_projects\\NotHelloFresh-localized-azerbaijan\\project\\src\\components\\PricingPlans.tsx",
    "original": "Choose Your Plan",
    "translated": "Planınızı seçin"
  },
  {
    "type": "text",
    "source": "C:\\Users\\mika0\\OneDrive\\Рабочий стол\\WebsiteLocalizer\\localized_projects\\NotHelloFresh-localized-azerbaijan\\project\\src\\components\\PricingPlans.tsx",
    "original": "Flexible plans to fit your lifestyle, with no commitment required. Change, pause, or cancel anytime.",
    "translated": "Sizin həyat tərzinizə uyğun elastik planlar – heç bir öhdəlik olmadan. İstədiyiniz zaman dəyişin, dayandırın və ya ləğv edin."
  },
  {
    "type": "text",
    "source": "C:\\Users\\mika0\\OneDrive\\Рабочий стол\\WebsiteLocalizer\\localized_projects\\NotHelloFresh-localized-azerbaijan\\project\\src\\components\\PricingPlans.tsx",
    "original": "(",
    "translated": "Zəhmət olmasa, tərcümə etmək istədiyiniz tam mətni göndərin. Hazırda yalnız \"(\" simvolu göndərilib."
  },
  {
    "type": "text",
    "source": "C:\\Users\\mika0\\OneDrive\\Рабочий стол\\WebsiteLocalizer\\localized_projects\\NotHelloFresh-localized-azerbaijan\\project\\src\\components\\PricingPlans.tsx",
    "original": "All plans include free delivery, recipe cards, and access to our mobile app with thousands of recipes.",
    "translated": "Bütün planlara pulsuz çatdırılma, resept kartları və minlərlə reseptin olduğu mobil tətbiqimizə giriş daxildir."
  },
  {
    "type": "text",
    "source": "C:\\Users\\mika0\\OneDrive\\Рабочий стол\\WebsiteLocalizer\\localized_projects\\NotHelloFresh-localized-azerbaijan\\project\\src\\components\\PricingPlans.tsx",
    "original": "No commitment",
    "translated": "Heç bir öhdəlik yoxdur"
  },
  {
    "type": "text",
    "source": "C:\\Users\\mika0\\OneDrive\\Рабочий стол\\WebsiteLocalizer\\localized_projects\\NotHelloFresh-localized-azerbaijan\\project\\src\\components\\PricingPlans.tsx",
    "original": "Skip weeks anytime",
    "translated": "Həftələri istədiyiniz zaman buraxa bilərsiniz"
  },
  {
    "type": "text",
    "source": "C:\\Users\\mika0\\OneDrive\\Рабочий стол\\WebsiteLocalizer\\localized_projects\\NotHelloFresh-localized-azerbaijan\\project\\src\\components\\PricingPlans.tsx",
    "original": "Cancel anytime",
    "translated": "İstədiyiniz zaman ləğv edə bilərsiniz"
  },
  {
    "type": "text",
    "source": "C:\\Users\\mika0\\OneDrive\\Рабочий стол\\WebsiteLocalizer\\localized_projects\\NotHelloFresh-localized-azerbaijan\\project\\src\\components\\Testimonials.tsx",
    "original": "(",
    "translated": "Please provide the text you want me to translate."
  },
  {
    "type": "text",
    "source": "C:\\Users\\mika0\\OneDrive\\Рабочий стол\\WebsiteLocalizer\\localized_projects\\NotHelloFresh-localized-azerbaijan\\project\\src\\components\\Testimonials.tsx",
    "original": "Our Customers Love Us",
    "translated": "Müştərilərimiz bizi çox bəyənirlər"
  },
  {
    "type": "text",
    "source": "C:\\Users\\mika0\\OneDrive\\Рабочий стол\\WebsiteLocalizer\\localized_projects\\NotHelloFresh-localized-azerbaijan\\project\\src\\components\\Testimonials.tsx",
    "original": "Join thousands of satisfied customers who have transformed their mealtime experience.",
    "translated": "Yemək vaxtını dəyişən minlərlə məmnun müştərimizə qoşulun."
  },
  {
    "type": "text",
    "source": "C:\\Users\\mika0\\OneDrive\\Рабочий стол\\WebsiteLocalizer\\localized_projects\\NotHelloFresh-localized-azerbaijan\\project\\src\\components\\Testimonials.tsx",
    "original": "(",
    "translated": "Zəhmət olmasa, tərcümə etmək istədiyiniz mətni tam göndərin. Hazırda tərcümə üçün mətn yoxdur."
  },
  {
    "type": "text",
    "source": "C:\\Users\\mika0\\OneDrive\\Рабочий стол\\WebsiteLocalizer\\localized_projects\\NotHelloFresh-localized-azerbaijan\\project\\src\\components\\Testimonials.tsx",
    "original": "(",
    "translated": "Please provide the complete text you would like to have translated. Currently, only an opening parenthesis \"(\" was received."
  },
  {
    "type": "text",
    "source": "C:\\Users\\mika0\\OneDrive\\Рабочий стол\\WebsiteLocalizer\\localized_projects\\NotHelloFresh-localized-azerbaijan\\project\\src\\components\\Testimonials.tsx",
    "original": "4.8/5",
    "translated": "4.8/5"
  },
  {
    "type": "text",
    "source": "C:\\Users\\mika0\\OneDrive\\Рабочий стол\\WebsiteLocalizer\\localized_projects\\NotHelloFresh-localized-azerbaijan\\project\\src\\components\\Testimonials.tsx",
    "original": "Average Rating",
    "translated": "Ortalama Qiymət"
  },
  {
    "type": "text",
    "source": "C:\\Users\\mika0\\OneDrive\\Рабочий стол\\WebsiteLocalizer\\localized_projects\\NotHelloFresh-localized-azerbaijan\\project\\src\\components\\Testimonials.tsx",
    "original": "500K+",
    "translated": "500 mindən çox"
  },
  {
    "type": "text",
    "source": "C:\\Users\\mika0\\OneDrive\\Рабочий стол\\WebsiteLocalizer\\localized_projects\\NotHelloFresh-localized-azerbaijan\\project\\src\\components\\Testimonials.tsx",
    "original": "Happy Customers",
    "translated": "Məmnun Müştərilər"
  },
  {
    "type": "text",
    "source": "C:\\Users\\mika0\\OneDrive\\Рабочий стол\\WebsiteLocalizer\\localized_projects\\NotHelloFresh-localized-azerbaijan\\project\\src\\components\\Testimonials.tsx",
    "original": "100M+",
    "translated": "100M+"
  },
  {
    "type": "text",
    "source": "C:\\Users\\mika0\\OneDrive\\Рабочий стол\\WebsiteLocalizer\\localized_projects\\NotHelloFresh-localized-azerbaijan\\project\\src\\components\\Testimonials.tsx",
    "original": "Meals Delivered",
    "translated": "Yeməklər Çatdırıldı"
  },
  {
    "type": "image",
    "source": "C:\\Users\\mika0\\OneDrive\\Рабочий стол\\WebsiteLocalizer\\localized_projects\\NotHelloFresh-localized-azerbaijan\\project\\public\\images\\cooking.png",
    "content": null
  },
  {
    "type": "video",
    "source": "C:\\Users\\mika0\\OneDrive\\Рабочий стол\\WebsiteLocalizer\\localized_projects\\NotHelloFresh-localized-azerbaijan\\project\\public\\videos\\cooking.mp4",
    "content": null
  },
  {
    "type": "video",
    "source": "C:\\Users\\mika0\\OneDrive\\Рабочий стол\\WebsiteLocalizer\\localized_projects\\NotHelloFresh-localized-azerbaijan\\project\\public\\videos\\cooking_voiced.mp4",
    "content": null
  }
]