[
  {
    "type": "text",
    "source": "/Users/anastassiyayegarmina/Documents/dev/WebsiteLocalizer/WebsiteLocaliserDisk/scripts/localized_site/input_data-localized-azerbaijani/01_raw/src/components/Newsletter.tsx",
    "content": "Get Exclusive Offers & Recipes",
    "translated": "Eksklüziv Təkliflər və Reseptlər əldə edin"
  },
  {
    "type": "text",
    "source": "/Users/anastassiyayegarmina/Documents/dev/WebsiteLocalizer/WebsiteLocaliserDisk/scripts/localized_site/input_data-localized-azerbaijani/01_raw/src/components/Newsletter.tsx",
    "content": "Subscribe to our newsletter for new recipes, cooking tips, and special promotions.",
    "translated": "Yeni reseptlər, yemək məsləhətləri və xüsusi təkliflər üçün bülletenimizə abunə olun."
  },
  {
    "type": "text",
    "source": "/Users/anastassiyayegarmina/Documents/dev/WebsiteLocalizer/WebsiteLocaliserDisk/scripts/localized_site/input_data-localized-azerbaijani/01_raw/src/components/Newsletter.tsx",
    "content": "Thanks for subscribing!",
    "translated": "Abunə olduğunuz üçün təşəkkür edirik!"
  },
  {
    "type": "text",
    "source": "/Users/anastassiyayegarmina/Documents/dev/WebsiteLocalizer/WebsiteLocaliserDisk/scripts/localized_site/input_data-localized-azerbaijani/01_raw/src/components/Newsletter.tsx",
    "content": ") : (",
    "translated": ") : ("
  },
  {
    "type": "text",
    "source": "/Users/anastassiyayegarmina/Documents/dev/WebsiteLocalizer/WebsiteLocaliserDisk/scripts/localized_site/input_data-localized-azerbaijani/01_raw/src/components/Newsletter.tsx",
    "content": "Subscribe",
    "translated": "Abunə ol"
  },
  {
    "type": "text",
    "source": "/Users/anastassiyayegarmina/Documents/dev/WebsiteLocalizer/WebsiteLocaliserDisk/scripts/localized_site/input_data-localized-azerbaijani/01_raw/src/components/Newsletter.tsx",
    "content": "We respect your privacy. Your information will never be shared with third parties.",
    "translated": "Sizin məxfiliyinizə hörmət edirik. Məlumatlarınız heç vaxt üçüncü şəxslərlə paylaşılmayacaq."
  },
  {
    "type": "text",
    "source": "/Users/anastassiyayegarmina/Documents/dev/WebsiteLocalizer/WebsiteLocaliserDisk/scripts/localized_site/input_data-localized-azerbaijani/01_raw/src/components/MealShowcase.tsx",
    "content": "Chef-curated recipes",
    "translated": "Aşpazın seçimi ilə hazırlanmış reseptlər"
  },
  {
    "type": "text",
    "source": "/Users/anastassiyayegarmina/Documents/dev/WebsiteLocalizer/WebsiteLocaliserDisk/scripts/localized_site/input_data-localized-azerbaijani/01_raw/src/components/MealShowcase.tsx",
    "content": "Explore Our Delicious Meals",
    "translated": "Ləzzətli Yeməklərimizi Kəşf Edin"
  },
  {
    "type": "text",
    "source": "/Users/anastassiyayegarmina/Documents/dev/WebsiteLocalizer/WebsiteLocaliserDisk/scripts/localized_site/input_data-localized-azerbaijani/01_raw/src/components/MealShowcase.tsx",
    "content": "From quick weeknight dinners to impressive weekend feasts, we've got recipes for every occasion.",
    "translated": "İstər tez hazırlanabilən axşam yeməkləri, istərsə də möhtəşəm həftəsonu süfrələri – hər zövqə uyğun reseptlərimiz var."
  },
  {
    "type": "text",
    "source": "/Users/anastassiyayegarmina/Documents/dev/WebsiteLocalizer/WebsiteLocaliserDisk/scripts/localized_site/input_data-localized-azerbaijani/01_raw/src/components/MealShowcase.tsx",
    "content": "(",
    "translated": "Zəhmət olmasa tam tərcümə edəcəyim mətni göndərin."
  },
  {
    "type": "text",
    "source": "/Users/anastassiyayegarmina/Documents/dev/WebsiteLocalizer/WebsiteLocaliserDisk/scripts/localized_site/input_data-localized-azerbaijani/01_raw/src/components/MealShowcase.tsx",
    "content": "(",
    "translated": "Zəhmət olmasa tərcümə olunacaq mətni tamamlayın. Mətn verilməyib."
  },
  {
    "type": "text",
    "source": "/Users/anastassiyayegarmina/Documents/dev/WebsiteLocalizer/WebsiteLocaliserDisk/scripts/localized_site/input_data-localized-azerbaijani/01_raw/src/components/MealShowcase.tsx",
    "content": "View All Recipes",
    "translated": "Bütün Reseptlərə Bax"
  },
  {
    "type": "text",
    "source": "/Users/anastassiyayegarmina/Documents/dev/WebsiteLocalizer/WebsiteLocaliserDisk/scripts/localized_site/input_data-localized-azerbaijani/01_raw/src/components/Hero.tsx",
    "content": "Limited Offer: 16 Free Meals + Free Shipping",
    "translated": "Məhdud Təklif: 16 Pulsuz Yemək + Pulsuz Çatdırılma"
  },
  {
    "type": "text",
    "source": "/Users/anastassiyayegarmina/Documents/dev/WebsiteLocalizer/WebsiteLocaliserDisk/scripts/localized_site/input_data-localized-azerbaijani/01_raw/src/components/Hero.tsx",
    "content": "Delicious Meals,",
    "translated": "Ləzzətli Yeməklər,"
  },
  {
    "type": "text",
    "source": "/Users/anastassiyayegarmina/Documents/dev/WebsiteLocalizer/WebsiteLocaliserDisk/scripts/localized_site/input_data-localized-azerbaijani/01_raw/src/components/Hero.tsx",
    "content": "Delivered to You",
    "translated": "Sizə çatdırılır"
  },
  {
    "type": "text",
    "source": "/Users/anastassiyayegarmina/Documents/dev/WebsiteLocalizer/WebsiteLocaliserDisk/scripts/localized_site/input_data-localized-azerbaijani/01_raw/src/components/Hero.tsx",
    "content": "Skip the grocery store. Get fresh, pre-measured ingredients and recipe cards delivered straight to your door.",
    "translated": "Marketə getməyə ehtiyac yoxdur. Təzə, ölçülüb hazırlanmış ərzaqları və resept kartlarını birbaşa qapınıza gətiririk."
  },
  {
    "type": "text",
    "source": "/Users/anastassiyayegarmina/Documents/dev/WebsiteLocalizer/WebsiteLocaliserDisk/scripts/localized_site/input_data-localized-azerbaijani/01_raw/src/components/Hero.tsx",
    "content": "Get Started",
    "translated": "Başla"
  },
  {
    "type": "text",
    "source": "/Users/anastassiyayegarmina/Documents/dev/WebsiteLocalizer/WebsiteLocaliserDisk/scripts/localized_site/input_data-localized-azerbaijani/01_raw/src/components/Hero.tsx",
    "content": "View Our Plans",
    "translated": "Planlarımızla Tanış Olun"
  },
  {
    "type": "text",
    "source": "/Users/anastassiyayegarmina/Documents/dev/WebsiteLocalizer/WebsiteLocaliserDisk/scripts/localized_site/input_data-localized-azerbaijani/01_raw/src/components/Hero.tsx",
    "content": "Ready in 30 minutes",
    "translated": "30 dəqiqəyə hazırdır"
  },
  {
    "type": "text",
    "source": "/Users/anastassiyayegarmina/Documents/dev/WebsiteLocalizer/WebsiteLocaliserDisk/scripts/localized_site/input_data-localized-azerbaijani/01_raw/src/components/Hero.tsx",
    "content": "4.8 out of 5",
    "translated": "4.8 / 5 bal"
  },
  {
    "type": "text",
    "source": "/Users/anastassiyayegarmina/Documents/dev/WebsiteLocalizer/WebsiteLocaliserDisk/scripts/localized_site/input_data-localized-azerbaijani/01_raw/src/components/Hero.tsx",
    "content": "Customer rating",
    "translated": "Müştəri reytinqi"
  },
  {
    "type": "text",
    "source": "/Users/anastassiyayegarmina/Documents/dev/WebsiteLocalizer/WebsiteLocaliserDisk/scripts/localized_site/input_data-localized-azerbaijani/01_raw/src/components/Features.tsx",
    "content": "Why Choose HelloFresh?",
    "translated": "Niyə HelloFresh-i Seçməlisiniz?"
  },
  {
    "type": "text",
    "source": "/Users/anastassiyayegarmina/Documents/dev/WebsiteLocalizer/WebsiteLocaliserDisk/scripts/localized_site/input_data-localized-azerbaijani/01_raw/src/components/Features.tsx",
    "content": "We make cooking at home easy, fun, and affordable with farm-fresh ingredients and chef-created recipes.",
    "translated": "Ev şəraitində yemək bişirməyi sizin üçün asan, əyləncəli və sərfəli edirik – həm də təzə kənd məhsulları və peşəkar aşpazların reseptləri ilə."
  },
  {
    "type": "text",
    "source": "/Users/anastassiyayegarmina/Documents/dev/WebsiteLocalizer/WebsiteLocaliserDisk/scripts/localized_site/input_data-localized-azerbaijani/01_raw/src/components/Features.tsx",
    "content": "(",
    "translated": "Zəhmət olmasa, tərcümə etmək üçün tam mətni təqdim edin."
  },
  {
    "type": "text",
    "source": "/Users/anastassiyayegarmina/Documents/dev/WebsiteLocalizer/WebsiteLocaliserDisk/scripts/localized_site/input_data-localized-azerbaijani/01_raw/src/components/HowItWorks.tsx",
    "content": "How (Not)HelloFresh Works",
    "translated": "HelloFresh Necə (İşləmir) İşləyir"
  },
  {
    "type": "text",
    "source": "/Users/anastassiyayegarmina/Documents/dev/WebsiteLocalizer/WebsiteLocaliserDisk/scripts/localized_site/input_data-localized-azerbaijani/01_raw/src/components/HowItWorks.tsx",
    "content": "Watch our quick video to see how easy it is to get started with (Not)HelloFresh.",
    "translated": "Qısa videomuza baxın və (Not)HelloFresh-lə başlamağın nə qədər asan olduğunu özünüz görün."
  },
  {
    "type": "text",
    "source": "/Users/anastassiyayegarmina/Documents/dev/WebsiteLocalizer/WebsiteLocaliserDisk/scripts/localized_site/input_data-localized-azerbaijani/01_raw/src/components/HowItWorks.tsx",
    "content": "Learn how we deliver fresh ingredients and amazing recipes right to your doorstep",
    "translated": "Təzə məhsulları və dadlı reseptləri birbaşa qapınıza necə çatdırdığımızı öyrənin"
  },
  {
    "type": "text",
    "source": "/Users/anastassiyayegarmina/Documents/dev/WebsiteLocalizer/WebsiteLocaliserDisk/scripts/localized_site/input_data-localized-azerbaijani/01_raw/src/components/PricingPlans.tsx",
    "content": "MOST POPULAR",
    "translated": "Ən Çox Seçilənlər"
  },
  {
    "type": "text",
    "source": "/Users/anastassiyayegarmina/Documents/dev/WebsiteLocalizer/WebsiteLocaliserDisk/scripts/localized_site/input_data-localized-azerbaijani/01_raw/src/components/PricingPlans.tsx",
    "content": "(",
    "translated": "Zəhmət olmasa tərcümə olunacaq mətni göndərin."
  },
  {
    "type": "text",
    "source": "/Users/anastassiyayegarmina/Documents/dev/WebsiteLocalizer/WebsiteLocaliserDisk/scripts/localized_site/input_data-localized-azerbaijani/01_raw/src/components/PricingPlans.tsx",
    "content": "Select This Plan",
    "translated": "Bu Planı Seç"
  },
  {
    "type": "text",
    "source": "/Users/anastassiyayegarmina/Documents/dev/WebsiteLocalizer/WebsiteLocaliserDisk/scripts/localized_site/input_data-localized-azerbaijani/01_raw/src/components/PricingPlans.tsx",
    "content": "Choose Your Plan",
    "translated": "Planınızı seçin"
  },
  {
    "type": "text",
    "source": "/Users/anastassiyayegarmina/Documents/dev/WebsiteLocalizer/WebsiteLocaliserDisk/scripts/localized_site/input_data-localized-azerbaijani/01_raw/src/components/PricingPlans.tsx",
    "content": "Flexible plans to fit your lifestyle, with no commitment required. Change, pause, or cancel anytime.",
    "translated": "Sizə uyğun çevik planlar – heç bir öhdəlik olmadan. İstədiyiniz zaman planınızı dəyişin, müvəqqəti dayandırın və ya ləğv edin."
  },
  {
    "type": "text",
    "source": "/Users/anastassiyayegarmina/Documents/dev/WebsiteLocalizer/WebsiteLocaliserDisk/scripts/localized_site/input_data-localized-azerbaijani/01_raw/src/components/PricingPlans.tsx",
    "content": "(",
    "translated": "Mətn: ("
  },
  {
    "type": "text",
    "source": "/Users/anastassiyayegarmina/Documents/dev/WebsiteLocalizer/WebsiteLocaliserDisk/scripts/localized_site/input_data-localized-azerbaijani/01_raw/src/components/PricingPlans.tsx",
    "content": "All plans include free delivery, recipe cards, and access to our mobile app with thousands of recipes.",
    "translated": "Bütün seçimlərə pulsuz çatdırılma, resept kartları və minlərlə reseptin yer aldığı mobil tətbiqimizə giriş daxildir."
  },
  {
    "type": "text",
    "source": "/Users/anastassiyayegarmina/Documents/dev/WebsiteLocalizer/WebsiteLocaliserDisk/scripts/localized_site/input_data-localized-azerbaijani/01_raw/src/components/PricingPlans.tsx",
    "content": "No commitment",
    "translated": "Öhdəlik yoxdur"
  },
  {
    "type": "text",
    "source": "/Users/anastassiyayegarmina/Documents/dev/WebsiteLocalizer/WebsiteLocaliserDisk/scripts/localized_site/input_data-localized-azerbaijani/01_raw/src/components/PricingPlans.tsx",
    "content": "Skip weeks anytime",
    "translated": "Həftələri istədiyiniz vaxt atlaya bilərsiniz"
  },
  {
    "type": "text",
    "source": "/Users/anastassiyayegarmina/Documents/dev/WebsiteLocalizer/WebsiteLocaliserDisk/scripts/localized_site/input_data-localized-azerbaijani/01_raw/src/components/PricingPlans.tsx",
    "content": "Cancel anytime",
    "translated": "İstənilən vaxt ləğv edin"
  },
  {
    "type": "text",
    "source": "/Users/anastassiyayegarmina/Documents/dev/WebsiteLocalizer/WebsiteLocaliserDisk/scripts/localized_site/input_data-localized-azerbaijani/01_raw/src/components/DeliveryInfo.tsx",
    "content": "Delivery You Can Trust",
    "translated": "Etibarlı Çatdırılma"
  },
  {
    "type": "text",
    "source": "/Users/anastassiyayegarmina/Documents/dev/WebsiteLocalizer/WebsiteLocaliserDisk/scripts/localized_site/input_data-localized-azerbaijani/01_raw/src/components/DeliveryInfo.tsx",
    "content": "We ensure your meals arrive fresh and on time with our reliable delivery network.",
    "translated": "Yeməklərinizin vaxtında və təzə çatdırılmasına güvənli çatdırılma şəbəkəmizlə zəmanət veririk."
  },
  {
    "type": "text",
    "source": "/Users/anastassiyayegarmina/Documents/dev/WebsiteLocalizer/WebsiteLocaliserDisk/scripts/localized_site/input_data-localized-azerbaijani/01_raw/src/components/DeliveryInfo.tsx",
    "content": "Delivery Partners",
    "translated": "Çatdırılma Tərəfdaşları"
  },
  {
    "type": "text",
    "source": "/Users/anastassiyayegarmina/Documents/dev/WebsiteLocalizer/WebsiteLocaliserDisk/scripts/localized_site/input_data-localized-azerbaijani/01_raw/src/components/DeliveryInfo.tsx",
    "content": "UberEats",
    "translated": "UberEats"
  },
  {
    "type": "text",
    "source": "/Users/anastassiyayegarmina/Documents/dev/WebsiteLocalizer/WebsiteLocaliserDisk/scripts/localized_site/input_data-localized-azerbaijani/01_raw/src/components/DeliveryInfo.tsx",
    "content": "Fast delivery within 45 minutes",
    "translated": "45 dəqiqə ərzində sürətli çatdırılma"
  },
  {
    "type": "text",
    "source": "/Users/anastassiyayegarmina/Documents/dev/WebsiteLocalizer/WebsiteLocaliserDisk/scripts/localized_site/input_data-localized-azerbaijani/01_raw/src/components/DeliveryInfo.tsx",
    "content": "Lieferando",
    "translated": "ÇatdırAz"
  },
  {
    "type": "text",
    "source": "/Users/anastassiyayegarmina/Documents/dev/WebsiteLocalizer/WebsiteLocaliserDisk/scripts/localized_site/input_data-localized-azerbaijani/01_raw/src/components/DeliveryInfo.tsx",
    "content": "Reliable German delivery service",
    "translated": "Etibarlı alman kuryer xidməti"
  },
  {
    "type": "text",
    "source": "/Users/anastassiyayegarmina/Documents/dev/WebsiteLocalizer/WebsiteLocaliserDisk/scripts/localized_site/input_data-localized-azerbaijani/01_raw/src/components/DeliveryInfo.tsx",
    "content": "Wolt",
    "translated": "Wolt"
  },
  {
    "type": "text",
    "source": "/Users/anastassiyayegarmina/Documents/dev/WebsiteLocalizer/WebsiteLocaliserDisk/scripts/localized_site/input_data-localized-azerbaijani/01_raw/src/components/DeliveryInfo.tsx",
    "content": "Premium delivery experience",
    "translated": "Premium çatdırılma təcrübəsi"
  },
  {
    "type": "text",
    "source": "/Users/anastassiyayegarmina/Documents/dev/WebsiteLocalizer/WebsiteLocaliserDisk/scripts/localized_site/input_data-localized-azerbaijani/01_raw/src/components/DeliveryInfo.tsx",
    "content": "Delivery Areas",
    "translated": "Çatdırılma Əraziləri"
  },
  {
    "type": "text",
    "source": "/Users/anastassiyayegarmina/Documents/dev/WebsiteLocalizer/WebsiteLocaliserDisk/scripts/localized_site/input_data-localized-azerbaijani/01_raw/src/components/DeliveryInfo.tsx",
    "content": "East Coast",
    "translated": "Şərq Sahili"
  },
  {
    "type": "text",
    "source": "/Users/anastassiyayegarmina/Documents/dev/WebsiteLocalizer/WebsiteLocaliserDisk/scripts/localized_site/input_data-localized-azerbaijani/01_raw/src/components/DeliveryInfo.tsx",
    "content": "New York City",
    "translated": "Nyu-York şəhəri"
  },
  {
    "type": "text",
    "source": "/Users/anastassiyayegarmina/Documents/dev/WebsiteLocalizer/WebsiteLocaliserDisk/scripts/localized_site/input_data-localized-azerbaijani/01_raw/src/components/DeliveryInfo.tsx",
    "content": "Boston",
    "translated": "Bakı"
  },
  {
    "type": "text",
    "source": "/Users/anastassiyayegarmina/Documents/dev/WebsiteLocalizer/WebsiteLocaliserDisk/scripts/localized_site/input_data-localized-azerbaijani/01_raw/src/components/DeliveryInfo.tsx",
    "content": "Philadelphia",
    "translated": "Bakı"
  },
  {
    "type": "text",
    "source": "/Users/anastassiyayegarmina/Documents/dev/WebsiteLocalizer/WebsiteLocaliserDisk/scripts/localized_site/input_data-localized-azerbaijani/01_raw/src/components/DeliveryInfo.tsx",
    "content": "Washington DC",
    "translated": "Vaşinqton şəhəri"
  },
  {
    "type": "text",
    "source": "/Users/anastassiyayegarmina/Documents/dev/WebsiteLocalizer/WebsiteLocaliserDisk/scripts/localized_site/input_data-localized-azerbaijani/01_raw/src/components/DeliveryInfo.tsx",
    "content": "West Coast",
    "translated": "Qərb Sahili"
  },
  {
    "type": "text",
    "source": "/Users/anastassiyayegarmina/Documents/dev/WebsiteLocalizer/WebsiteLocaliserDisk/scripts/localized_site/input_data-localized-azerbaijani/01_raw/src/components/DeliveryInfo.tsx",
    "content": "Los Angeles",
    "translated": "Los Anceles"
  },
  {
    "type": "text",
    "source": "/Users/anastassiyayegarmina/Documents/dev/WebsiteLocalizer/WebsiteLocaliserDisk/scripts/localized_site/input_data-localized-azerbaijani/01_raw/src/components/DeliveryInfo.tsx",
    "content": "San Francisco",
    "translated": "San-Fransisko"
  },
  {
    "type": "text",
    "source": "/Users/anastassiyayegarmina/Documents/dev/WebsiteLocalizer/WebsiteLocaliserDisk/scripts/localized_site/input_data-localized-azerbaijani/01_raw/src/components/DeliveryInfo.tsx",
    "content": "Seattle",
    "translated": "Sietl"
  },
  {
    "type": "text",
    "source": "/Users/anastassiyayegarmina/Documents/dev/WebsiteLocalizer/WebsiteLocaliserDisk/scripts/localized_site/input_data-localized-azerbaijani/01_raw/src/components/DeliveryInfo.tsx",
    "content": "Portland",
    "translated": "Bakı"
  },
  {
    "type": "text",
    "source": "/Users/anastassiyayegarmina/Documents/dev/WebsiteLocalizer/WebsiteLocaliserDisk/scripts/localized_site/input_data-localized-azerbaijani/01_raw/src/components/DeliveryInfo.tsx",
    "content": "Central",
    "translated": "Mərkəzi"
  },
  {
    "type": "text",
    "source": "/Users/anastassiyayegarmina/Documents/dev/WebsiteLocalizer/WebsiteLocaliserDisk/scripts/localized_site/input_data-localized-azerbaijani/01_raw/src/components/DeliveryInfo.tsx",
    "content": "Chicago",
    "translated": "Çikaqo"
  },
  {
    "type": "text",
    "source": "/Users/anastassiyayegarmina/Documents/dev/WebsiteLocalizer/WebsiteLocaliserDisk/scripts/localized_site/input_data-localized-azerbaijani/01_raw/src/components/DeliveryInfo.tsx",
    "content": "Houston",
    "translated": "Bakı"
  },
  {
    "type": "text",
    "source": "/Users/anastassiyayegarmina/Documents/dev/WebsiteLocalizer/WebsiteLocaliserDisk/scripts/localized_site/input_data-localized-azerbaijani/01_raw/src/components/DeliveryInfo.tsx",
    "content": "Denver",
    "translated": "Bakı"
  },
  {
    "type": "text",
    "source": "/Users/anastassiyayegarmina/Documents/dev/WebsiteLocalizer/WebsiteLocaliserDisk/scripts/localized_site/input_data-localized-azerbaijani/01_raw/src/components/DeliveryInfo.tsx",
    "content": "Dallas",
    "translated": "Bakı"
  },
  {
    "type": "text",
    "source": "/Users/anastassiyayegarmina/Documents/dev/WebsiteLocalizer/WebsiteLocaliserDisk/scripts/localized_site/input_data-localized-azerbaijani/01_raw/src/components/Footer.tsx",
    "content": "Making home cooking simple, fun, and accessible for everyone with delicious recipes and fresh ingredients delivered to your door.",
    "translated": "Dadlı reseptlər və təzə ərzaqlarla evdə yemək bişirməyi sadə, əyləncəli və hər kəs üçün əlçatan edirik – həm də qapınıza kimi çatdırılır."
  },
  {
    "type": "text",
    "source": "/Users/anastassiyayegarmina/Documents/dev/WebsiteLocalizer/WebsiteLocaliserDisk/scripts/localized_site/input_data-localized-azerbaijani/01_raw/src/components/Footer.tsx",
    "content": "Our Plans",
    "translated": "Planlarımız"
  },
  {
    "type": "text",
    "source": "/Users/anastassiyayegarmina/Documents/dev/WebsiteLocalizer/WebsiteLocaliserDisk/scripts/localized_site/input_data-localized-azerbaijani/01_raw/src/components/Footer.tsx",
    "content": "2 Person Plan",
    "translated": "2 Nəfərlik Plan"
  },
  {
    "type": "text",
    "source": "/Users/anastassiyayegarmina/Documents/dev/WebsiteLocalizer/WebsiteLocaliserDisk/scripts/localized_site/input_data-localized-azerbaijani/01_raw/src/components/Footer.tsx",
    "content": "Family Plan",
    "translated": "Ailə Planı"
  },
  {
    "type": "text",
    "source": "/Users/anastassiyayegarmina/Documents/dev/WebsiteLocalizer/WebsiteLocaliserDisk/scripts/localized_site/input_data-localized-azerbaijani/01_raw/src/components/Footer.tsx",
    "content": "Vegetarian Plan",
    "translated": "Vegetarian Qidalanma Planı"
  },
  {
    "type": "text",
    "source": "/Users/anastassiyayegarmina/Documents/dev/WebsiteLocalizer/WebsiteLocaliserDisk/scripts/localized_site/input_data-localized-azerbaijani/01_raw/src/components/Footer.tsx",
    "content": "Quick & Easy",
    "translated": "Tez və Rahat"
  },
  {
    "type": "text",
    "source": "/Users/anastassiyayegarmina/Documents/dev/WebsiteLocalizer/WebsiteLocaliserDisk/scripts/localized_site/input_data-localized-azerbaijani/01_raw/src/components/Footer.tsx",
    "content": "Calorie Smart",
    "translated": "Kalorisi Az"
  },
  {
    "type": "text",
    "source": "/Users/anastassiyayegarmina/Documents/dev/WebsiteLocalizer/WebsiteLocaliserDisk/scripts/localized_site/input_data-localized-azerbaijani/01_raw/src/components/Footer.tsx",
    "content": "Company",
    "translated": "Şirkət"
  },
  {
    "type": "text",
    "source": "/Users/anastassiyayegarmina/Documents/dev/WebsiteLocalizer/WebsiteLocaliserDisk/scripts/localized_site/input_data-localized-azerbaijani/01_raw/src/components/Footer.tsx",
    "content": "About Us",
    "translated": "Haqqımızda"
  },
  {
    "type": "text",
    "source": "/Users/anastassiyayegarmina/Documents/dev/WebsiteLocalizer/WebsiteLocaliserDisk/scripts/localized_site/input_data-localized-azerbaijani/01_raw/src/components/Footer.tsx",
    "content": "Careers",
    "translated": "Karyera İmkanları"
  },
  {
    "type": "text",
    "source": "/Users/anastassiyayegarmina/Documents/dev/WebsiteLocalizer/WebsiteLocaliserDisk/scripts/localized_site/input_data-localized-azerbaijani/01_raw/src/components/Footer.tsx",
    "content": "Blog",
    "translated": "Bloq"
  },
  {
    "type": "text",
    "source": "/Users/anastassiyayegarmina/Documents/dev/WebsiteLocalizer/WebsiteLocaliserDisk/scripts/localized_site/input_data-localized-azerbaijani/01_raw/src/components/Footer.tsx",
    "content": "Press",
    "translated": "Mətbuat"
  },
  {
    "type": "text",
    "source": "/Users/anastassiyayegarmina/Documents/dev/WebsiteLocalizer/WebsiteLocaliserDisk/scripts/localized_site/input_data-localized-azerbaijani/01_raw/src/components/Footer.tsx",
    "content": "Partner With Us",
    "translated": "Bizimlə Əməkdaşlıq Edin"
  },
  {
    "type": "text",
    "source": "/Users/anastassiyayegarmina/Documents/dev/WebsiteLocalizer/WebsiteLocaliserDisk/scripts/localized_site/input_data-localized-azerbaijani/01_raw/src/components/Footer.tsx",
    "content": "Contact Us",
    "translated": "Bizimlə Əlaqə"
  },
  {
    "type": "text",
    "source": "/Users/anastassiyayegarmina/Documents/dev/WebsiteLocalizer/WebsiteLocaliserDisk/scripts/localized_site/input_data-localized-azerbaijani/01_raw/src/components/Footer.tsx",
    "content": "123 Cooking Street, Foodville, CA 90210",
    "translated": "123 Mətbəx küçəsi, Yemək şəhəri, Bakı, AZ 1000"
  },
  {
    "type": "text",
    "source": "/Users/anastassiyayegarmina/Documents/dev/WebsiteLocalizer/WebsiteLocaliserDisk/scripts/localized_site/input_data-localized-azerbaijani/01_raw/src/components/Footer.tsx",
    "content": "(800) 123-4567",
    "translated": "(012) 123-4567"
  },
  {
    "type": "text",
    "source": "/Users/anastassiyayegarmina/Documents/dev/WebsiteLocalizer/WebsiteLocaliserDisk/scripts/localized_site/input_data-localized-azerbaijani/01_raw/src/components/Footer.tsx",
    "content": "support@hellofresh.com",
    "translated": "support@hellofresh.az"
  },
  {
    "type": "text",
    "source": "/Users/anastassiyayegarmina/Documents/dev/WebsiteLocalizer/WebsiteLocaliserDisk/scripts/localized_site/input_data-localized-azerbaijani/01_raw/src/components/Footer.tsx",
    "content": "Terms & Conditions",
    "translated": "Qaydalar və Şərtlər"
  },
  {
    "type": "text",
    "source": "/Users/anastassiyayegarmina/Documents/dev/WebsiteLocalizer/WebsiteLocaliserDisk/scripts/localized_site/input_data-localized-azerbaijani/01_raw/src/components/Footer.tsx",
    "content": "Privacy Policy",
    "translated": "Məxfilik Siyasəti"
  },
  {
    "type": "text",
    "source": "/Users/anastassiyayegarmina/Documents/dev/WebsiteLocalizer/WebsiteLocaliserDisk/scripts/localized_site/input_data-localized-azerbaijani/01_raw/src/components/Footer.tsx",
    "content": "Accessibility",
    "translated": "Əlçatanlıq"
  },
  {
    "type": "text",
    "source": "/Users/anastassiyayegarmina/Documents/dev/WebsiteLocalizer/WebsiteLocaliserDisk/scripts/localized_site/input_data-localized-azerbaijani/01_raw/src/components/Footer.tsx",
    "content": "Cookie Settings",
    "translated": "Kuki Ayarları"
  },
  {
    "type": "text",
    "source": "/Users/anastassiyayegarmina/Documents/dev/WebsiteLocalizer/WebsiteLocaliserDisk/scripts/localized_site/input_data-localized-azerbaijani/01_raw/src/components/Testimonials.tsx",
    "content": "(",
    "translated": "Zəhmət olmasa, tərcümə edilməli olan tam mətni göndərin."
  },
  {
    "type": "text",
    "source": "/Users/anastassiyayegarmina/Documents/dev/WebsiteLocalizer/WebsiteLocaliserDisk/scripts/localized_site/input_data-localized-azerbaijani/01_raw/src/components/Testimonials.tsx",
    "content": "Our Customers Love Us",
    "translated": "Müştərilərimiz bizi çox sevir"
  },
  {
    "type": "text",
    "source": "/Users/anastassiyayegarmina/Documents/dev/WebsiteLocalizer/WebsiteLocaliserDisk/scripts/localized_site/input_data-localized-azerbaijani/01_raw/src/components/Testimonials.tsx",
    "content": "Join thousands of satisfied customers who have transformed their mealtime experience.",
    "translated": "Yemək vaxtını tam fərqli bir təcrübəyə çevirən minlərlə məmnun müştəriyə siz də qoşulun."
  },
  {
    "type": "text",
    "source": "/Users/anastassiyayegarmina/Documents/dev/WebsiteLocalizer/WebsiteLocaliserDisk/scripts/localized_site/input_data-localized-azerbaijani/01_raw/src/components/Testimonials.tsx",
    "content": "(",
    "translated": "Zəhmət olmasa, tərcümə edəcəyim mətnin tamamını göndərin."
  },
  {
    "type": "text",
    "source": "/Users/anastassiyayegarmina/Documents/dev/WebsiteLocalizer/WebsiteLocaliserDisk/scripts/localized_site/input_data-localized-azerbaijani/01_raw/src/components/Testimonials.tsx",
    "content": "(",
    "translated": "Please provide the rest of the text you would like me to translate."
  },
  {
    "type": "text",
    "source": "/Users/anastassiyayegarmina/Documents/dev/WebsiteLocalizer/WebsiteLocaliserDisk/scripts/localized_site/input_data-localized-azerbaijani/01_raw/src/components/Testimonials.tsx",
    "content": "4.8/5",
    "translated": "4.8/5"
  },
  {
    "type": "text",
    "source": "/Users/anastassiyayegarmina/Documents/dev/WebsiteLocalizer/WebsiteLocaliserDisk/scripts/localized_site/input_data-localized-azerbaijani/01_raw/src/components/Testimonials.tsx",
    "content": "Average Rating",
    "translated": "Orta Qiymət"
  },
  {
    "type": "text",
    "source": "/Users/anastassiyayegarmina/Documents/dev/WebsiteLocalizer/WebsiteLocaliserDisk/scripts/localized_site/input_data-localized-azerbaijani/01_raw/src/components/Testimonials.tsx",
    "content": "500K+",
    "translated": "500.000+"
  },
  {
    "type": "text",
    "source": "/Users/anastassiyayegarmina/Documents/dev/WebsiteLocalizer/WebsiteLocaliserDisk/scripts/localized_site/input_data-localized-azerbaijani/01_raw/src/components/Testimonials.tsx",
    "content": "Happy Customers",
    "translated": "Məmnun Müştərilər"
  },
  {
    "type": "text",
    "source": "/Users/anastassiyayegarmina/Documents/dev/WebsiteLocalizer/WebsiteLocaliserDisk/scripts/localized_site/input_data-localized-azerbaijani/01_raw/src/components/Testimonials.tsx",
    "content": "100M+",
    "translated": "100M+"
  },
  {
    "type": "text",
    "source": "/Users/anastassiyayegarmina/Documents/dev/WebsiteLocalizer/WebsiteLocaliserDisk/scripts/localized_site/input_data-localized-azerbaijani/01_raw/src/components/Testimonials.tsx",
    "content": "Meals Delivered",
    "translated": "Yeməkləriniz Ünvanınıza Çatdırılır"
  },
  {
    "type": "text",
    "source": "/Users/anastassiyayegarmina/Documents/dev/WebsiteLocalizer/WebsiteLocaliserDisk/scripts/localized_site/input_data-localized-azerbaijani/01_raw/src/components/Logo.tsx",
    "content": "(Not)HelloFresh",
    "translated": "(Sanki)TəzəDad"
  },
  {
    "type": "text",
    "source": "/Users/anastassiyayegarmina/Documents/dev/WebsiteLocalizer/WebsiteLocaliserDisk/scripts/localized_site/input_data-localized-azerbaijani/01_raw/src/components/CallToAction.tsx",
    "content": "Ready to Transform Your Mealtime?",
    "translated": "Yemək vaxtınızı dəyişməyə hazırsınız?"
  },
  {
    "type": "text",
    "source": "/Users/anastassiyayegarmina/Documents/dev/WebsiteLocalizer/WebsiteLocaliserDisk/scripts/localized_site/input_data-localized-azerbaijani/01_raw/src/components/CallToAction.tsx",
    "content": "Join millions of happy customers cooking delicious meals with HelloFresh. Get started today with 16 free meals across your first 6 boxes!",
    "translated": "Milyonlarla məmnun müştəri kimi HelloFresh ilə ləzzətli yeməklər bişirin. İndi başlayın və ilk 6 qutu üçün 16 pulsuz yemək qazanın!"
  },
  {
    "type": "text",
    "source": "/Users/anastassiyayegarmina/Documents/dev/WebsiteLocalizer/WebsiteLocaliserDisk/scripts/localized_site/input_data-localized-azerbaijani/01_raw/src/components/CallToAction.tsx",
    "content": "Get Started Today",
    "translated": "Bu gündən başlayın"
  },
  {
    "type": "text",
    "source": "/Users/anastassiyayegarmina/Documents/dev/WebsiteLocalizer/WebsiteLocaliserDisk/scripts/localized_site/input_data-localized-azerbaijani/01_raw/src/components/CallToAction.tsx",
    "content": "No commitment required. Skip or cancel anytime.",
    "translated": "Heç bir öhdəlik yoxdur. İstədiyiniz zaman dayandıra və ya ləğv edə bilərsiniz."
  },
  {
    "type": "text",
    "source": "/Users/anastassiyayegarmina/Documents/dev/WebsiteLocalizer/WebsiteLocaliserDisk/scripts/localized_site/input_data-localized-azerbaijani/01_raw/src/components/Header.tsx",
    "content": "View Plans",
    "translated": "Planlara bax"
  },
  {
    "type": "text",
    "source": "/Users/anastassiyayegarmina/Documents/dev/WebsiteLocalizer/WebsiteLocaliserDisk/scripts/localized_site/input_data-localized-azerbaijani/01_raw/src/components/Header.tsx",
    "content": ":",
    "translated": "Zəhmət olmasa, tərcümə etmək istədiyiniz mətni əlavə edin."
  },
  {
    "type": "text",
    "source": "/Users/anastassiyayegarmina/Documents/dev/WebsiteLocalizer/WebsiteLocaliserDisk/scripts/localized_site/input_data-localized-azerbaijani/01_raw/src/components/Header.tsx",
    "content": "View Plans",
    "translated": "Tarifləri göstər"
  },
  {
    "type": "text",
    "source": "/Users/anastassiyayegarmina/Documents/dev/WebsiteLocalizer/WebsiteLocaliserDisk/scripts/localized_site/input_data-localized-azerbaijani/01_raw/src/components/Header.tsx",
    "content": "Our Plans",
    "translated": "Planlarımız"
  },
  {
    "type": "text",
    "source": "/Users/anastassiyayegarmina/Documents/dev/WebsiteLocalizer/WebsiteLocaliserDisk/scripts/localized_site/input_data-localized-azerbaijani/01_raw/src/components/Header.tsx",
    "content": "How It Works",
    "translated": "Necə işləyir"
  },
  {
    "type": "text",
    "source": "/Users/anastassiyayegarmina/Documents/dev/WebsiteLocalizer/WebsiteLocaliserDisk/scripts/localized_site/input_data-localized-azerbaijani/01_raw/src/components/Header.tsx",
    "content": "Recipes",
    "translated": "Reseptlər"
  },
  {
    "type": "text",
    "source": "/Users/anastassiyayegarmina/Documents/dev/WebsiteLocalizer/WebsiteLocaliserDisk/scripts/localized_site/input_data-localized-azerbaijani/01_raw/src/components/Header.tsx",
    "content": "About Us",
    "translated": "Haqqımızda"
  },
  {
    "type": "text",
    "source": "/Users/anastassiyayegarmina/Documents/dev/WebsiteLocalizer/WebsiteLocaliserDisk/scripts/localized_site/input_data-localized-azerbaijani/01_raw/src/components/Header.tsx",
    "content": "Our Plans",
    "translated": "Planlarımız"
  },
  {
    "type": "text",
    "source": "/Users/anastassiyayegarmina/Documents/dev/WebsiteLocalizer/WebsiteLocaliserDisk/scripts/localized_site/input_data-localized-azerbaijani/01_raw/src/components/Header.tsx",
    "content": "How It Works",
    "translated": "Necə işləyir"
  },
  {
    "type": "text",
    "source": "/Users/anastassiyayegarmina/Documents/dev/WebsiteLocalizer/WebsiteLocaliserDisk/scripts/localized_site/input_data-localized-azerbaijani/01_raw/src/components/Header.tsx",
    "content": "Recipes",
    "translated": "Reseptlər"
  },
  {
    "type": "text",
    "source": "/Users/anastassiyayegarmina/Documents/dev/WebsiteLocalizer/WebsiteLocaliserDisk/scripts/localized_site/input_data-localized-azerbaijani/01_raw/src/components/Header.tsx",
    "content": "About Us",
    "translated": "Haqqımızda"
  }
]