[
  {
    "type": "text",
    "source": "C:\\Users\\mika0\\OneDrive\\Рабочий стол\\WebsiteLocalizer\\localized_projects\\NotHelloFresh-localized-azerbaijan\\project\\src\\components\\CallToAction.tsx",
    "content": "Ready to Transform Your Mealtime?"
  },
  {
    "type": "text",
    "source": "C:\\Users\\mika0\\OneDrive\\Рабочий стол\\WebsiteLocalizer\\localized_projects\\NotHelloFresh-localized-azerbaijan\\project\\src\\components\\CallToAction.tsx",
    "content": "Join millions of happy customers cooking delicious meals with (Not)HelloFresh. Get started today with 16 free meals across your first 6 boxes!"
  },
  {
    "type": "text",
    "source": "C:\\Users\\mika0\\OneDrive\\Рабочий стол\\WebsiteLocalizer\\localized_projects\\NotHelloFresh-localized-azerbaijan\\project\\src\\components\\CallToAction.tsx",
    "content": "Get Started Today"
  },
  {
    "type": "text",
    "source": "C:\\Users\\mika0\\OneDrive\\Рабочий стол\\WebsiteLocalizer\\localized_projects\\NotHelloFresh-localized-azerbaijan\\project\\src\\components\\CallToAction.tsx",
    "content": "No commitment required. Skip or cancel anytime."
  },
  {
    "type": "text",
    "source": "C:\\Users\\mika0\\OneDrive\\Рабочий стол\\WebsiteLocalizer\\localized_projects\\NotHelloFresh-localized-azerbaijan\\project\\src\\components\\DeliveryInfo.tsx",
    "content": "Delivery You Can Trust"
  },
  {
    "type": "text",
    "source": "C:\\Users\\mika0\\OneDrive\\Рабочий стол\\WebsiteLocalizer\\localized_projects\\NotHelloFresh-localized-azerbaijan\\project\\src\\components\\DeliveryInfo.tsx",
    "content": "We ensure your meals arrive fresh and on time with our reliable delivery network."
  },
  {
    "type": "text",
    "source": "C:\\Users\\mika0\\OneDrive\\Рабочий стол\\WebsiteLocalizer\\localized_projects\\NotHelloFresh-localized-azerbaijan\\project\\src\\components\\DeliveryInfo.tsx",
    "content": "Delivery Partners"
  },
  {
    "type": "text",
    "source": "C:\\Users\\mika0\\OneDrive\\Рабочий стол\\WebsiteLocalizer\\localized_projects\\NotHelloFresh-localized-azerbaijan\\project\\src\\components\\DeliveryInfo.tsx",
    "content": "UberEats"
  },
  {
    "type": "text",
    "source": "C:\\Users\\mika0\\OneDrive\\Рабочий стол\\WebsiteLocalizer\\localized_projects\\NotHelloFresh-localized-azerbaijan\\project\\src\\components\\DeliveryInfo.tsx",
    "content": "Fast delivery within 45 minutes"
  },
  {
    "type": "text",
    "source": "C:\\Users\\mika0\\OneDrive\\Рабочий стол\\WebsiteLocalizer\\localized_projects\\NotHelloFresh-localized-azerbaijan\\project\\src\\components\\DeliveryInfo.tsx",
    "content": "Lieferando"
  },
  {
    "type": "text",
    "source": "C:\\Users\\mika0\\OneDrive\\Рабочий стол\\WebsiteLocalizer\\localized_projects\\NotHelloFresh-localized-azerbaijan\\project\\src\\components\\DeliveryInfo.tsx",
    "content": "Reliable German delivery service"
  },
  {
    "type": "text",
    "source": "C:\\Users\\mika0\\OneDrive\\Рабочий стол\\WebsiteLocalizer\\localized_projects\\NotHelloFresh-localized-azerbaijan\\project\\src\\components\\DeliveryInfo.tsx",
    "content": "Wolt"
  },
  {
    "type": "text",
    "source": "C:\\Users\\mika0\\OneDrive\\Рабочий стол\\WebsiteLocalizer\\localized_projects\\NotHelloFresh-localized-azerbaijan\\project\\src\\components\\DeliveryInfo.tsx",
    "content": "Premium delivery experience"
  },
  {
    "type": "text",
    "source": "C:\\Users\\mika0\\OneDrive\\Рабочий стол\\WebsiteLocalizer\\localized_projects\\NotHelloFresh-localized-azerbaijan\\project\\src\\components\\DeliveryInfo.tsx",
    "content": "Delivery Areas"
  },
  {
    "type": "text",
    "source": "C:\\Users\\mika0\\OneDrive\\Рабочий стол\\WebsiteLocalizer\\localized_projects\\NotHelloFresh-localized-azerbaijan\\project\\src\\components\\DeliveryInfo.tsx",
    "content": "East Coast"
  },
  {
    "type": "text",
    "source": "C:\\Users\\mika0\\OneDrive\\Рабочий стол\\WebsiteLocalizer\\localized_projects\\NotHelloFresh-localized-azerbaijan\\project\\src\\components\\DeliveryInfo.tsx",
    "content": "New York City"
  },
  {
    "type": "text",
    "source": "C:\\Users\\mika0\\OneDrive\\Рабочий стол\\WebsiteLocalizer\\localized_projects\\NotHelloFresh-localized-azerbaijan\\project\\src\\components\\DeliveryInfo.tsx",
    "content": "Boston"
  },
  {
    "type": "text",
    "source": "C:\\Users\\mika0\\OneDrive\\Рабочий стол\\WebsiteLocalizer\\localized_projects\\NotHelloFresh-localized-azerbaijan\\project\\src\\components\\DeliveryInfo.tsx",
    "content": "Philadelphia"
  },
  {
    "type": "text",
    "source": "C:\\Users\\mika0\\OneDrive\\Рабочий стол\\WebsiteLocalizer\\localized_projects\\NotHelloFresh-localized-azerbaijan\\project\\src\\components\\DeliveryInfo.tsx",
    "content": "Washington DC"
  },
  {
    "type": "text",
    "source": "C:\\Users\\mika0\\OneDrive\\Рабочий стол\\WebsiteLocalizer\\localized_projects\\NotHelloFresh-localized-azerbaijan\\project\\src\\components\\DeliveryInfo.tsx",
    "content": "West Coast"
  },
  {
    "type": "text",
    "source": "C:\\Users\\mika0\\OneDrive\\Рабочий стол\\WebsiteLocalizer\\localized_projects\\NotHelloFresh-localized-azerbaijan\\project\\src\\components\\DeliveryInfo.tsx",
    "content": "Los Angeles"
  },
  {
    "type": "text",
    "source": "C:\\Users\\mika0\\OneDrive\\Рабочий стол\\WebsiteLocalizer\\localized_projects\\NotHelloFresh-localized-azerbaijan\\project\\src\\components\\DeliveryInfo.tsx",
    "content": "San Francisco"
  },
  {
    "type": "text",
    "source": "C:\\Users\\mika0\\OneDrive\\Рабочий стол\\WebsiteLocalizer\\localized_projects\\NotHelloFresh-localized-azerbaijan\\project\\src\\components\\DeliveryInfo.tsx",
    "content": "Seattle"
  },
  {
    "type": "text",
    "source": "C:\\Users\\mika0\\OneDrive\\Рабочий стол\\WebsiteLocalizer\\localized_projects\\NotHelloFresh-localized-azerbaijan\\project\\src\\components\\DeliveryInfo.tsx",
    "content": "Portland"
  },
  {
    "type": "text",
    "source": "C:\\Users\\mika0\\OneDrive\\Рабочий стол\\WebsiteLocalizer\\localized_projects\\NotHelloFresh-localized-azerbaijan\\project\\src\\components\\DeliveryInfo.tsx",
    "content": "Central"
  },
  {
    "type": "text",
    "source": "C:\\Users\\mika0\\OneDrive\\Рабочий стол\\WebsiteLocalizer\\localized_projects\\NotHelloFresh-localized-azerbaijan\\project\\src\\components\\DeliveryInfo.tsx",
    "content": "Chicago"
  },
  {
    "type": "text",
    "source": "C:\\Users\\mika0\\OneDrive\\Рабочий стол\\WebsiteLocalizer\\localized_projects\\NotHelloFresh-localized-azerbaijan\\project\\src\\components\\DeliveryInfo.tsx",
    "content": "Houston"
  },
  {
    "type": "text",
    "source": "C:\\Users\\mika0\\OneDrive\\Рабочий стол\\WebsiteLocalizer\\localized_projects\\NotHelloFresh-localized-azerbaijan\\project\\src\\components\\DeliveryInfo.tsx",
    "content": "Denver"
  },
  {
    "type": "text",
    "source": "C:\\Users\\mika0\\OneDrive\\Рабочий стол\\WebsiteLocalizer\\localized_projects\\NotHelloFresh-localized-azerbaijan\\project\\src\\components\\DeliveryInfo.tsx",
    "content": "Dallas"
  },
  {
    "type": "text",
    "source": "C:\\Users\\mika0\\OneDrive\\Рабочий стол\\WebsiteLocalizer\\localized_projects\\NotHelloFresh-localized-azerbaijan\\project\\src\\components\\Features.tsx",
    "content": "Why Choose (Not)HelloFresh?"
  },
  {
    "type": "text",
    "source": "C:\\Users\\mika0\\OneDrive\\Рабочий стол\\WebsiteLocalizer\\localized_projects\\NotHelloFresh-localized-azerbaijan\\project\\src\\components\\Features.tsx",
    "content": "We make cooking at home easy, fun, and affordable with farm-fresh ingredients and chef-created recipes."
  },
  {
    "type": "text",
    "source": "C:\\Users\\mika0\\OneDrive\\Рабочий стол\\WebsiteLocalizer\\localized_projects\\NotHelloFresh-localized-azerbaijan\\project\\src\\components\\Features.tsx",
    "content": "("
  },
  {
    "type": "text",
    "source": "C:\\Users\\mika0\\OneDrive\\Рабочий стол\\WebsiteLocalizer\\localized_projects\\NotHelloFresh-localized-azerbaijan\\project\\src\\components\\Footer.tsx",
    "content": "Making home cooking simple, fun, and accessible for everyone with delicious recipes and fresh ingredients delivered to your door."
  },
  {
    "type": "text",
    "source": "C:\\Users\\mika0\\OneDrive\\Рабочий стол\\WebsiteLocalizer\\localized_projects\\NotHelloFresh-localized-azerbaijan\\project\\src\\components\\Footer.tsx",
    "content": "Our Plans"
  },
  {
    "type": "text",
    "source": "C:\\Users\\mika0\\OneDrive\\Рабочий стол\\WebsiteLocalizer\\localized_projects\\NotHelloFresh-localized-azerbaijan\\project\\src\\components\\Footer.tsx",
    "content": "2 Person Plan"
  },
  {
    "type": "text",
    "source": "C:\\Users\\mika0\\OneDrive\\Рабочий стол\\WebsiteLocalizer\\localized_projects\\NotHelloFresh-localized-azerbaijan\\project\\src\\components\\Footer.tsx",
    "content": "Family Plan"
  },
  {
    "type": "text",
    "source": "C:\\Users\\mika0\\OneDrive\\Рабочий стол\\WebsiteLocalizer\\localized_projects\\NotHelloFresh-localized-azerbaijan\\project\\src\\components\\Footer.tsx",
    "content": "Vegetarian Plan"
  },
  {
    "type": "text",
    "source": "C:\\Users\\mika0\\OneDrive\\Рабочий стол\\WebsiteLocalizer\\localized_projects\\NotHelloFresh-localized-azerbaijan\\project\\src\\components\\Footer.tsx",
    "content": "Quick & Easy"
  },
  {
    "type": "text",
    "source": "C:\\Users\\mika0\\OneDrive\\Рабочий стол\\WebsiteLocalizer\\localized_projects\\NotHelloFresh-localized-azerbaijan\\project\\src\\components\\Footer.tsx",
    "content": "Calorie Smart"
  },
  {
    "type": "text",
    "source": "C:\\Users\\mika0\\OneDrive\\Рабочий стол\\WebsiteLocalizer\\localized_projects\\NotHelloFresh-localized-azerbaijan\\project\\src\\components\\Footer.tsx",
    "content": "Company"
  },
  {
    "type": "text",
    "source": "C:\\Users\\mika0\\OneDrive\\Рабочий стол\\WebsiteLocalizer\\localized_projects\\NotHelloFresh-localized-azerbaijan\\project\\src\\components\\Footer.tsx",
    "content": "About Us"
  },
  {
    "type": "text",
    "source": "C:\\Users\\mika0\\OneDrive\\Рабочий стол\\WebsiteLocalizer\\localized_projects\\NotHelloFresh-localized-azerbaijan\\project\\src\\components\\Footer.tsx",
    "content": "Careers"
  },
  {
    "type": "text",
    "source": "C:\\Users\\mika0\\OneDrive\\Рабочий стол\\WebsiteLocalizer\\localized_projects\\NotHelloFresh-localized-azerbaijan\\project\\src\\components\\Footer.tsx",
    "content": "Blog"
  },
  {
    "type": "text",
    "source": "C:\\Users\\mika0\\OneDrive\\Рабочий стол\\WebsiteLocalizer\\localized_projects\\NotHelloFresh-localized-azerbaijan\\project\\src\\components\\Footer.tsx",
    "content": "Press"
  },
  {
    "type": "text",
    "source": "C:\\Users\\mika0\\OneDrive\\Рабочий стол\\WebsiteLocalizer\\localized_projects\\NotHelloFresh-localized-azerbaijan\\project\\src\\components\\Footer.tsx",
    "content": "Partner With Us"
  },
  {
    "type": "text",
    "source": "C:\\Users\\mika0\\OneDrive\\Рабочий стол\\WebsiteLocalizer\\localized_projects\\NotHelloFresh-localized-azerbaijan\\project\\src\\components\\Footer.tsx",
    "content": "Contact Us"
  },
  {
    "type": "text",
    "source": "C:\\Users\\mika0\\OneDrive\\Рабочий стол\\WebsiteLocalizer\\localized_projects\\NotHelloFresh-localized-azerbaijan\\project\\src\\components\\Footer.tsx",
    "content": "123 Cooking Street, Foodville, CA 90210"
  },
  {
    "type": "text",
    "source": "C:\\Users\\mika0\\OneDrive\\Рабочий стол\\WebsiteLocalizer\\localized_projects\\NotHelloFresh-localized-azerbaijan\\project\\src\\components\\Footer.tsx",
    "content": "(800) 123-4567"
  },
  {
    "type": "text",
    "source": "C:\\Users\\mika0\\OneDrive\\Рабочий стол\\WebsiteLocalizer\\localized_projects\\NotHelloFresh-localized-azerbaijan\\project\\src\\components\\Footer.tsx",
    "content": "support@hellofresh.com"
  },
  {
    "type": "text",
    "source": "C:\\Users\\mika0\\OneDrive\\Рабочий стол\\WebsiteLocalizer\\localized_projects\\NotHelloFresh-localized-azerbaijan\\project\\src\\components\\Footer.tsx",
    "content": "Terms & Conditions"
  },
  {
    "type": "text",
    "source": "C:\\Users\\mika0\\OneDrive\\Рабочий стол\\WebsiteLocalizer\\localized_projects\\NotHelloFresh-localized-azerbaijan\\project\\src\\components\\Footer.tsx",
    "content": "Privacy Policy"
  },
  {
    "type": "text",
    "source": "C:\\Users\\mika0\\OneDrive\\Рабочий стол\\WebsiteLocalizer\\localized_projects\\NotHelloFresh-localized-azerbaijan\\project\\src\\components\\Footer.tsx",
    "content": "Accessibility"
  },
  {
    "type": "text",
    "source": "C:\\Users\\mika0\\OneDrive\\Рабочий стол\\WebsiteLocalizer\\localized_projects\\NotHelloFresh-localized-azerbaijan\\project\\src\\components\\Footer.tsx",
    "content": "Cookie Settings"
  },
  {
    "type": "text",
    "source": "C:\\Users\\mika0\\OneDrive\\Рабочий стол\\WebsiteLocalizer\\localized_projects\\NotHelloFresh-localized-azerbaijan\\project\\src\\components\\Header.tsx",
    "content": "View Plans"
  },
  {
    "type": "text",
    "source": "C:\\Users\\mika0\\OneDrive\\Рабочий стол\\WebsiteLocalizer\\localized_projects\\NotHelloFresh-localized-azerbaijan\\project\\src\\components\\Header.tsx",
    "content": ":"
  },
  {
    "type": "text",
    "source": "C:\\Users\\mika0\\OneDrive\\Рабочий стол\\WebsiteLocalizer\\localized_projects\\NotHelloFresh-localized-azerbaijan\\project\\src\\components\\Header.tsx",
    "content": "View Plans"
  },
  {
    "type": "text",
    "source": "C:\\Users\\mika0\\OneDrive\\Рабочий стол\\WebsiteLocalizer\\localized_projects\\NotHelloFresh-localized-azerbaijan\\project\\src\\components\\Header.tsx",
    "content": "Our Plans"
  },
  {
    "type": "text",
    "source": "C:\\Users\\mika0\\OneDrive\\Рабочий стол\\WebsiteLocalizer\\localized_projects\\NotHelloFresh-localized-azerbaijan\\project\\src\\components\\Header.tsx",
    "content": "How It Works"
  },
  {
    "type": "text",
    "source": "C:\\Users\\mika0\\OneDrive\\Рабочий стол\\WebsiteLocalizer\\localized_projects\\NotHelloFresh-localized-azerbaijan\\project\\src\\components\\Header.tsx",
    "content": "Recipes"
  },
  {
    "type": "text",
    "source": "C:\\Users\\mika0\\OneDrive\\Рабочий стол\\WebsiteLocalizer\\localized_projects\\NotHelloFresh-localized-azerbaijan\\project\\src\\components\\Header.tsx",
    "content": "About Us"
  },
  {
    "type": "text",
    "source": "C:\\Users\\mika0\\OneDrive\\Рабочий стол\\WebsiteLocalizer\\localized_projects\\NotHelloFresh-localized-azerbaijan\\project\\src\\components\\Header.tsx",
    "content": "Our Plans"
  },
  {
    "type": "text",
    "source": "C:\\Users\\mika0\\OneDrive\\Рабочий стол\\WebsiteLocalizer\\localized_projects\\NotHelloFresh-localized-azerbaijan\\project\\src\\components\\Header.tsx",
    "content": "How It Works"
  },
  {
    "type": "text",
    "source": "C:\\Users\\mika0\\OneDrive\\Рабочий стол\\WebsiteLocalizer\\localized_projects\\NotHelloFresh-localized-azerbaijan\\project\\src\\components\\Header.tsx",
    "content": "Recipes"
  },
  {
    "type": "text",
    "source": "C:\\Users\\mika0\\OneDrive\\Рабочий стол\\WebsiteLocalizer\\localized_projects\\NotHelloFresh-localized-azerbaijan\\project\\src\\components\\Header.tsx",
    "content": "About Us"
  },
  {
    "type": "text",
    "source": "C:\\Users\\mika0\\OneDrive\\Рабочий стол\\WebsiteLocalizer\\localized_projects\\NotHelloFresh-localized-azerbaijan\\project\\src\\components\\Hero.tsx",
    "content": "Limited Offer: 16 Free Meals + Free Shipping"
  },
  {
    "type": "text",
    "source": "C:\\Users\\mika0\\OneDrive\\Рабочий стол\\WebsiteLocalizer\\localized_projects\\NotHelloFresh-localized-azerbaijan\\project\\src\\components\\Hero.tsx",
    "content": "Delicious Meals,"
  },
  {
    "type": "text",
    "source": "C:\\Users\\mika0\\OneDrive\\Рабочий стол\\WebsiteLocalizer\\localized_projects\\NotHelloFresh-localized-azerbaijan\\project\\src\\components\\Hero.tsx",
    "content": "Delivered to You"
  },
  {
    "type": "text",
    "source": "C:\\Users\\mika0\\OneDrive\\Рабочий стол\\WebsiteLocalizer\\localized_projects\\NotHelloFresh-localized-azerbaijan\\project\\src\\components\\Hero.tsx",
    "content": "Skip the grocery store. Get fresh, pre-measured ingredients and recipe cards delivered straight to your door."
  },
  {
    "type": "text",
    "source": "C:\\Users\\mika0\\OneDrive\\Рабочий стол\\WebsiteLocalizer\\localized_projects\\NotHelloFresh-localized-azerbaijan\\project\\src\\components\\Hero.tsx",
    "content": "Get Started"
  },
  {
    "type": "text",
    "source": "C:\\Users\\mika0\\OneDrive\\Рабочий стол\\WebsiteLocalizer\\localized_projects\\NotHelloFresh-localized-azerbaijan\\project\\src\\components\\Hero.tsx",
    "content": "View Our Plans"
  },
  {
    "type": "text",
    "source": "C:\\Users\\mika0\\OneDrive\\Рабочий стол\\WebsiteLocalizer\\localized_projects\\NotHelloFresh-localized-azerbaijan\\project\\src\\components\\Hero.tsx",
    "content": "Ready in 30 minutes"
  },
  {
    "type": "text",
    "source": "C:\\Users\\mika0\\OneDrive\\Рабочий стол\\WebsiteLocalizer\\localized_projects\\NotHelloFresh-localized-azerbaijan\\project\\src\\components\\Hero.tsx",
    "content": "4.8 out of 5"
  },
  {
    "type": "text",
    "source": "C:\\Users\\mika0\\OneDrive\\Рабочий стол\\WebsiteLocalizer\\localized_projects\\NotHelloFresh-localized-azerbaijan\\project\\src\\components\\Hero.tsx",
    "content": "Customer rating"
  },
  {
    "type": "text",
    "source": "C:\\Users\\mika0\\OneDrive\\Рабочий стол\\WebsiteLocalizer\\localized_projects\\NotHelloFresh-localized-azerbaijan\\project\\src\\components\\HowItWorks.tsx",
    "content": "How (Not)HelloFresh Works"
  },
  {
    "type": "text",
    "source": "C:\\Users\\mika0\\OneDrive\\Рабочий стол\\WebsiteLocalizer\\localized_projects\\NotHelloFresh-localized-azerbaijan\\project\\src\\components\\HowItWorks.tsx",
    "content": "Watch our quick video to see how easy it is to get started with (Not)HelloFresh."
  },
  {
    "type": "text",
    "source": "C:\\Users\\mika0\\OneDrive\\Рабочий стол\\WebsiteLocalizer\\localized_projects\\NotHelloFresh-localized-azerbaijan\\project\\src\\components\\HowItWorks.tsx",
    "content": "Your browser does not support the video tag."
  },
  {
    "type": "text",
    "source": "C:\\Users\\mika0\\OneDrive\\Рабочий стол\\WebsiteLocalizer\\localized_projects\\NotHelloFresh-localized-azerbaijan\\project\\src\\components\\HowItWorks.tsx",
    "content": "Learn how we deliver fresh ingredients and amazing recipes right to your doorstep"
  },
  {
    "type": "text",
    "source": "C:\\Users\\mika0\\OneDrive\\Рабочий стол\\WebsiteLocalizer\\localized_projects\\NotHelloFresh-localized-azerbaijan\\project\\src\\components\\Logo.tsx",
    "content": "(Not)HelloFresh"
  },
  {
    "type": "text",
    "source": "C:\\Users\\mika0\\OneDrive\\Рабочий стол\\WebsiteLocalizer\\localized_projects\\NotHelloFresh-localized-azerbaijan\\project\\src\\components\\MealShowcase.tsx",
    "content": "Chef-curated recipes"
  },
  {
    "type": "text",
    "source": "C:\\Users\\mika0\\OneDrive\\Рабочий стол\\WebsiteLocalizer\\localized_projects\\NotHelloFresh-localized-azerbaijan\\project\\src\\components\\MealShowcase.tsx",
    "content": "Explore Our Delicious Meals"
  },
  {
    "type": "text",
    "source": "C:\\Users\\mika0\\OneDrive\\Рабочий стол\\WebsiteLocalizer\\localized_projects\\NotHelloFresh-localized-azerbaijan\\project\\src\\components\\MealShowcase.tsx",
    "content": "From quick weeknight dinners to impressive weekend feasts, we've got recipes for every occasion."
  },
  {
    "type": "text",
    "source": "C:\\Users\\mika0\\OneDrive\\Рабочий стол\\WebsiteLocalizer\\localized_projects\\NotHelloFresh-localized-azerbaijan\\project\\src\\components\\MealShowcase.tsx",
    "content": "("
  },
  {
    "type": "text",
    "source": "C:\\Users\\mika0\\OneDrive\\Рабочий стол\\WebsiteLocalizer\\localized_projects\\NotHelloFresh-localized-azerbaijan\\project\\src\\components\\MealShowcase.tsx",
    "content": "("
  },
  {
    "type": "text",
    "source": "C:\\Users\\mika0\\OneDrive\\Рабочий стол\\WebsiteLocalizer\\localized_projects\\NotHelloFresh-localized-azerbaijan\\project\\src\\components\\MealShowcase.tsx",
    "content": "View All Recipes"
  },
  {
    "type": "text",
    "source": "C:\\Users\\mika0\\OneDrive\\Рабочий стол\\WebsiteLocalizer\\localized_projects\\NotHelloFresh-localized-azerbaijan\\project\\src\\components\\Newsletter.tsx",
    "content": "Get Exclusive Offers & Recipes"
  },
  {
    "type": "text",
    "source": "C:\\Users\\mika0\\OneDrive\\Рабочий стол\\WebsiteLocalizer\\localized_projects\\NotHelloFresh-localized-azerbaijan\\project\\src\\components\\Newsletter.tsx",
    "content": "Subscribe to our newsletter for new recipes, cooking tips, and special promotions."
  },
  {
    "type": "text",
    "source": "C:\\Users\\mika0\\OneDrive\\Рабочий стол\\WebsiteLocalizer\\localized_projects\\NotHelloFresh-localized-azerbaijan\\project\\src\\components\\Newsletter.tsx",
    "content": "Thanks for subscribing!"
  },
  {
    "type": "text",
    "source": "C:\\Users\\mika0\\OneDrive\\Рабочий стол\\WebsiteLocalizer\\localized_projects\\NotHelloFresh-localized-azerbaijan\\project\\src\\components\\Newsletter.tsx",
    "content": ") : ("
  },
  {
    "type": "text",
    "source": "C:\\Users\\mika0\\OneDrive\\Рабочий стол\\WebsiteLocalizer\\localized_projects\\NotHelloFresh-localized-azerbaijan\\project\\src\\components\\Newsletter.tsx",
    "content": "Subscribe"
  },
  {
    "type": "text",
    "source": "C:\\Users\\mika0\\OneDrive\\Рабочий стол\\WebsiteLocalizer\\localized_projects\\NotHelloFresh-localized-azerbaijan\\project\\src\\components\\Newsletter.tsx",
    "content": "We respect your privacy. Your information will never be shared with third parties."
  },
  {
    "type": "text",
    "source": "C:\\Users\\mika0\\OneDrive\\Рабочий стол\\WebsiteLocalizer\\localized_projects\\NotHelloFresh-localized-azerbaijan\\project\\src\\components\\PricingPlans.tsx",
    "content": "MOST POPULAR"
  },
  {
    "type": "text",
    "source": "C:\\Users\\mika0\\OneDrive\\Рабочий стол\\WebsiteLocalizer\\localized_projects\\NotHelloFresh-localized-azerbaijan\\project\\src\\components\\PricingPlans.tsx",
    "content": "("
  },
  {
    "type": "text",
    "source": "C:\\Users\\mika0\\OneDrive\\Рабочий стол\\WebsiteLocalizer\\localized_projects\\NotHelloFresh-localized-azerbaijan\\project\\src\\components\\PricingPlans.tsx",
    "content": "Select This Plan"
  },
  {
    "type": "text",
    "source": "C:\\Users\\mika0\\OneDrive\\Рабочий стол\\WebsiteLocalizer\\localized_projects\\NotHelloFresh-localized-azerbaijan\\project\\src\\components\\PricingPlans.tsx",
    "content": "Choose Your Plan"
  },
  {
    "type": "text",
    "source": "C:\\Users\\mika0\\OneDrive\\Рабочий стол\\WebsiteLocalizer\\localized_projects\\NotHelloFresh-localized-azerbaijan\\project\\src\\components\\PricingPlans.tsx",
    "content": "Flexible plans to fit your lifestyle, with no commitment required. Change, pause, or cancel anytime."
  },
  {
    "type": "text",
    "source": "C:\\Users\\mika0\\OneDrive\\Рабочий стол\\WebsiteLocalizer\\localized_projects\\NotHelloFresh-localized-azerbaijan\\project\\src\\components\\PricingPlans.tsx",
    "content": "("
  },
  {
    "type": "text",
    "source": "C:\\Users\\mika0\\OneDrive\\Рабочий стол\\WebsiteLocalizer\\localized_projects\\NotHelloFresh-localized-azerbaijan\\project\\src\\components\\PricingPlans.tsx",
    "content": "All plans include free delivery, recipe cards, and access to our mobile app with thousands of recipes."
  },
  {
    "type": "text",
    "source": "C:\\Users\\mika0\\OneDrive\\Рабочий стол\\WebsiteLocalizer\\localized_projects\\NotHelloFresh-localized-azerbaijan\\project\\src\\components\\PricingPlans.tsx",
    "content": "No commitment"
  },
  {
    "type": "text",
    "source": "C:\\Users\\mika0\\OneDrive\\Рабочий стол\\WebsiteLocalizer\\localized_projects\\NotHelloFresh-localized-azerbaijan\\project\\src\\components\\PricingPlans.tsx",
    "content": "Skip weeks anytime"
  },
  {
    "type": "text",
    "source": "C:\\Users\\mika0\\OneDrive\\Рабочий стол\\WebsiteLocalizer\\localized_projects\\NotHelloFresh-localized-azerbaijan\\project\\src\\components\\PricingPlans.tsx",
    "content": "Cancel anytime"
  },
  {
    "type": "text",
    "source": "C:\\Users\\mika0\\OneDrive\\Рабочий стол\\WebsiteLocalizer\\localized_projects\\NotHelloFresh-localized-azerbaijan\\project\\src\\components\\Testimonials.tsx",
    "content": "("
  },
  {
    "type": "text",
    "source": "C:\\Users\\mika0\\OneDrive\\Рабочий стол\\WebsiteLocalizer\\localized_projects\\NotHelloFresh-localized-azerbaijan\\project\\src\\components\\Testimonials.tsx",
    "content": "Our Customers Love Us"
  },
  {
    "type": "text",
    "source": "C:\\Users\\mika0\\OneDrive\\Рабочий стол\\WebsiteLocalizer\\localized_projects\\NotHelloFresh-localized-azerbaijan\\project\\src\\components\\Testimonials.tsx",
    "content": "Join thousands of satisfied customers who have transformed their mealtime experience."
  },
  {
    "type": "text",
    "source": "C:\\Users\\mika0\\OneDrive\\Рабочий стол\\WebsiteLocalizer\\localized_projects\\NotHelloFresh-localized-azerbaijan\\project\\src\\components\\Testimonials.tsx",
    "content": "("
  },
  {
    "type": "text",
    "source": "C:\\Users\\mika0\\OneDrive\\Рабочий стол\\WebsiteLocalizer\\localized_projects\\NotHelloFresh-localized-azerbaijan\\project\\src\\components\\Testimonials.tsx",
    "content": "("
  },
  {
    "type": "text",
    "source": "C:\\Users\\mika0\\OneDrive\\Рабочий стол\\WebsiteLocalizer\\localized_projects\\NotHelloFresh-localized-azerbaijan\\project\\src\\components\\Testimonials.tsx",
    "content": "4.8/5"
  },
  {
    "type": "text",
    "source": "C:\\Users\\mika0\\OneDrive\\Рабочий стол\\WebsiteLocalizer\\localized_projects\\NotHelloFresh-localized-azerbaijan\\project\\src\\components\\Testimonials.tsx",
    "content": "Average Rating"
  },
  {
    "type": "text",
    "source": "C:\\Users\\mika0\\OneDrive\\Рабочий стол\\WebsiteLocalizer\\localized_projects\\NotHelloFresh-localized-azerbaijan\\project\\src\\components\\Testimonials.tsx",
    "content": "500K+"
  },
  {
    "type": "text",
    "source": "C:\\Users\\mika0\\OneDrive\\Рабочий стол\\WebsiteLocalizer\\localized_projects\\NotHelloFresh-localized-azerbaijan\\project\\src\\components\\Testimonials.tsx",
    "content": "Happy Customers"
  },
  {
    "type": "text",
    "source": "C:\\Users\\mika0\\OneDrive\\Рабочий стол\\WebsiteLocalizer\\localized_projects\\NotHelloFresh-localized-azerbaijan\\project\\src\\components\\Testimonials.tsx",
    "content": "100M+"
  },
  {
    "type": "text",
    "source": "C:\\Users\\mika0\\OneDrive\\Рабочий стол\\WebsiteLocalizer\\localized_projects\\NotHelloFresh-localized-azerbaijan\\project\\src\\components\\Testimonials.tsx",
    "content": "Meals Delivered"
  },
  {
    "type": "image",
    "source": "C:\\Users\\mika0\\OneDrive\\Рабочий стол\\WebsiteLocalizer\\localized_projects\\NotHelloFresh-localized-azerbaijan\\project\\public\\images\\cooking.png",
    "content": null
  },
  {
    "type": "video",
    "source": "C:\\Users\\mika0\\OneDrive\\Рабочий стол\\WebsiteLocalizer\\localized_projects\\NotHelloFresh-localized-azerbaijan\\project\\public\\videos\\cooking.mp4",
    "content": null
  },
  {
    "type": "video",
    "source": "C:\\Users\\mika0\\OneDrive\\Рабочий стол\\WebsiteLocalizer\\localized_projects\\NotHelloFresh-localized-azerbaijan\\project\\public\\videos\\cooking_voiced.mp4",
    "content": null
  }
]