[
  {
    "type": "audio",
    "source": "/Users/anastassiyayegarmina/Documents/dev/WebsiteLocalizer/WebsiteLocaliserDisk/localized_projects/NotHelloFresh-localized-azerbaijan/project/voiceover.mp3",
    "transcript": "Enjoying homemade meals has never been easier. Simply pick your favorite recipes online, have fresh pre-portioned ingredients delivered to your doorstep, and you can create delicious dishes right in your own kitchen.",
    "translated_text": "Ev yeməklərindən zövq almaq heç vaxt bu qədər asan olmamışdı. Sadəcə sevdiyiniz reseptləri onlayn seçin, təzə və öncədən ölçülmüş inqrediyentlərin ünvanınıza çatdırılmasını təmin edin və öz mətbəxinizdə dadlı yeməklər hazırlayın.",
    "tts_source": "/Users/anastassiyayegarmina/Documents/dev/WebsiteLocalizer/WebsiteLocaliserDisk/localized_projects/NotHelloFresh-localized-azerbaijan/project/voiceover-azerbaijani.mp3"
  }
]